Name,Address1,Address2,City,State,Zip,Phone,Email,Website,Lat,Lng,_type
"Christine Falcone-Bleil, Esthetician",1712 North Roosevelt Blvd,,Key West,FL,33040,305-747-9092,Christine@skincaretherapy.net,http://www.christine.skincaretherapy.net/,24.5590504,-81.7848037,SkinscriptrxscraperItem
D&#8217;Vine Skin Therapy | Danielle Moya,"4715 N 10th St, Suite 110",,McAllen,TX,78504,956-467-7710,,,26.246331,-98.2232612,SkinscriptrxscraperItem
Massage Green Spa &#8211; Davie,4401 S. Flamingo Rd.,,Davie,FL,33330,(954) 800-4750,,http://www.massagegreenspa.com/#!davie-florida/cth7,26.0651912,-80.314683,SkinscriptrxscraperItem
LilyBelle Skin Care,13224 W. Broward Blvd.,,Plantation,FL,33325,(954) 947-7554,tatiana@lilybelleskincare.com,,26.118927,-80.323607,SkinscriptrxscraperItem
Massage Green Plantation,10105 Cleary Blvd,,Plantation,FL,33324,954-794-7575,,http://massagegreenspa.com/locations/spa/plantation,26.1351055,-80.2855202,SkinscriptrxscraperItem
Lavender The Skin Care Place,1880 NE 170th St.,,North Miami Beach,FL,33162,(786) 463-0333,lavendertheskincareplace@gmail.com,http://www.gotolavender.com/,25.9321749,-80.1624729,SkinscriptrxscraperItem
Clean Start,6901 Biscayne Blvd.,,Miami,FL,33138,305.603.8540,,http://cleanstartmiami.com/clean/,25.8388961,-80.1840644,SkinscriptrxscraperItem
Salt the Spa,"3975 Isles View Dr, Suite 106",,Wellington,FL,33414,561-290-7258,,http://www.saltthespa.com/,26.6225744,-80.2331198,SkinscriptrxscraperItem
Sanda Gane European Day Spa,12300 S. Shore Blvd,Suite 204,Wellington,FL,33414,561.792.9696,,http://www.sandagane.com/,26.6497817,-80.2414861,SkinscriptrxscraperItem
Bella Reina Spa,815 George Bush Boulevard,,Delray Beach,FL,33483,(561) 404-7670, info@bellareinaspa.com,http://bellareinaspa.com/,26.4744102,-80.0646554,SkinscriptrxscraperItem
Stella Skin Studio,4360 Northlake Blvd,Suite 108,Palm Beach Gardens,FL,33410,(561) 254-8631,,http://stellaskinstudio.skincaretherapy.net/,26.8081032,-80.1031956,SkinscriptrxscraperItem
Kristin Lee Skincare,At Salon Lofts-Paradise Plaza,"3800 S Tamiami Trail, Loft 21",Sarasota,FL,34239,941-321-4694,,http://salonlofts.com/kristin_lee,27.3003048,-82.5327804,SkinscriptrxscraperItem
Skin &#038; Tonic Facial Bar,"5917 Manatee Ave W, Suite 109",,Bradenton,FL,34209,941-306-1227,skinandtonicfacialbar@gmail.com,http://www.skinandtonicfacialbar.com/,27.495458,-82.6224359,SkinscriptrxscraperItem
Massage Therapy Connection,9020 58th Dr. E,Suite 101,Lakewood Ranch,FL,34202,941-755-0406,mamaloney.lmt@gmail.com,http://massagetherapyconnections.massagetherapy.com/about-our-practitioners,27.4366009,-82.4490485,SkinscriptrxscraperItem
Vse V,"111 2nd. Ave. NE, Suite 202",Plaza Courtyard Shops - 2nd Floor,St. Petersburg,FL,33701,727-560-6644 ,yhughes1@tampabay.rr.com ,http://www.vsev.skincaretherapy.net/,27.7742295,-82.6335143,SkinscriptrxscraperItem
The Studio of Health and Beauty,1981 US 27 South,,Sebring ,FL,33870,(863) 386 0822,,http://www.studioofhealthandbeauty.com,27.4710464,-81.457519,SkinscriptrxscraperItem
Carol&#8217;s Massage Therapy and Facials,11800 Shipwatch Dr,,Largo,FL,33774,727-698-9232,therapistcarol@gmail.com,http://carolsmassageandfacials.com/,27.8803897,-82.8453623,SkinscriptrxscraperItem
Carol&#8217;s Massage Therapy and Esthetics,11800 Shipwatch Drive,,Largo,FL,33774,727-698-9232,therapistcarol@gmail.com,,27.881025,-82.842829,SkinscriptrxscraperItem
VitalizeMe Skin Therapy,350 Alt 19 North,Suite A,Palm Harbor,FL,34683,727-744-4636,vitalizemeskintherapy@aol.com,http://vitalizemeskintherapy.com/,28.0709842,-82.767934,SkinscriptrxscraperItem
Massage Green Spa | Tampa,19040 Bruce B. Downs Blvd,,Tampa,FL,33647,(813) 333-7703,,,28.1450732,-82.3533843,SkinscriptrxscraperItem
Tranquil Escape Skin and Nails,713 Lithia Pinecrest Road,,Brandon,FL,33511,(813) 857-5371,,https://www.facebook.com/TranquilEscapeSkinAndNails/,27.9280418,-82.2741331,SkinscriptrxscraperItem
"Kimberly Vittoe &#8211; Skin, Waxing, Nails",13210 Boyette road,[In Lena Maxey Salon],Riverview,FL,33569,813-263-3588,Kvittoe@hotmail.com,https://www.vagaro.com/kimberlyvittoe,27.8543827,-82.2726211,SkinscriptrxscraperItem
Serenity Salon &#038; Spa Suite / Pamela Edmonson,33913 State Rd 54,Suite 101,Wesley Chapel,FL,33543,813-731-3350,,https://www.facebook.com/Serenity-Salon-Spa-Suites-489979134527120/,28.219046,-82.26022,SkinscriptrxscraperItem
"The Face Place, LLC | Traci Walding, Esthetician",110 E. Reynolds Street,Suite 601,Plant City,FL,33563,(813) 763-6166,,,28.0165107,-82.1229213,SkinscriptrxscraperItem
Body Allures,1118 South Florida Ave,,Lakeland,FL,33803,863-450-6676,brittany@bodyallures.com,http://www.bodyallures.com/,28.0279963,-81.9569712,SkinscriptrxscraperItem
Beauty &#038; Bella,11325 Darlington Dr,,Orlando,FL,32837,407-251-5021,beautyandbella@gmail.com,,28.1799333,-81.4848233,SkinscriptrxscraperItem
Spa Orlando,23 N. Summerlin Avenue,,Orlando,FL,32801,407-649-8889,spaorlando@me.com,http://spaorlando.com/,28.5430397,-81.368219,SkinscriptrxscraperItem
La Ti Da Spa,205 South Highland Avenue,,Apopka,FL,32703,407-886-0085,latidasalonandspa@gmail.com,http://www.latidasalonandspa.skincaretherapy.net,28.675344,-81.505039,SkinscriptrxscraperItem
Serenity Spa &#038; Salon,551 N. Park Ave,,Apopka,FL,32712,(407) 703-5961,mail@serenityspasalonapopka.com,http://www.serenityspasalonapopka.com,28.6894284,-81.5090628,SkinscriptrxscraperItem
BodyMx Massage &#038; Skincare,407 Center Pointe Circle,Suite 1647,Altamonte Springs,FL,32701,407-494-2272,Melissa@body-mx.com,http://www.body-mx.com/,28.6689784,-81.3864525,SkinscriptrxscraperItem
The Face Place,1455 SR 436 #299,Suite 115,Casselberry,FL,32707,407-923-7230,thefaceplaceorg@aol.com,http://www.thefaceplaceorganics.org ,28.6272917,-81.3191885,SkinscriptrxscraperItem
Skin-eeZ,1548 Seminola Blvd. Suite 110,,Casselberry,FL,32707,(931) 627-9141,skineezstudio@gmail.com,,28.67675,-81.3071897,SkinscriptrxscraperItem
"Pretty Simple Skin Solutions, LLC  (at 5th Element Healing Spa)",5965 Red Bug Lake Rd #221,,Winter Springs,FL,32708,407-702-1140,info@prettysimpleskinsolutions.com,http://www.prettysimpleskinsolutions.com/,28.64605,-81.2651439,SkinscriptrxscraperItem
"Simplicity Facials, LLC (at Studio 209 Salon)",209 N. Country Club Road,,Lake Mary,FL,32746,407-529-8403,,,28.7608948,-81.3220588,SkinscriptrxscraperItem
Carla Wiedman Studio,3A Orange Ave,,Rockledge,FL,32955,(321) 536-0871,,https://www.facebook.com/Carla-Wiedman-A-Private-Nail-Studio-891373980923222/,28.3359359,-80.7173913,SkinscriptrxscraperItem
Eye Candy Lash Bar &#038; Esthetics | Amie Guidry,4619 Fort Crockett Suite B,,Galveston,TX,77550,(409) 457-0645,,https://www.facebook.com/amieEyecandylashbar,29.2762068,-94.8135344,SkinscriptrxscraperItem
"Eco Skin Pro, LLC","1780 South Nova Road, Ste 10-D",,South Daytona,FL,32119,(386) 290-3731,info@EcoSkinPro.com?,http://www.ecoskinpro.com/,29.1680787,-81.025534,SkinscriptrxscraperItem
About Face | William Bailey,"3615 Broadway , Suite 3","located inside Rock, Paper, Scissors Salon",San Antonio,TX,78209,210-244-3429,,http://www.aboutfacesa.com/,29.4600523,-98.4681392,SkinscriptrxscraperItem
Embrace Yourself Skincare and Waxing,"1826 North Loop 1604 West, Suite 100",,San Antonio,TX,78248,(830) 275-0973,mary_kat20@hotmail.com,https://squareup.com/store/eysw,29.6066895,-98.5218196,SkinscriptrxscraperItem
MiriEffect Skincare,"11333 Fountain Lake Drive, Suite D17",Located inside Gallery of Salons,Stafford,TX,77477,(301) 442-2795,info@mirieffectskin.com,http://www.mirieffectskin.com/,29.6395717,-95.5837117,SkinscriptrxscraperItem
Skin Solutions Day Spa,"17300 Saturn Ln, Suite 106",,Houston,TX,77058,832-224-4623,Info@skinsolutionstx.com,http://skinsolutionstx.com/,29.5581532,-95.1099939,SkinscriptrxscraperItem
Salon Naturale,"1720 W FM 646, Suite B",,League City,TX,77573,281-337-2400,Salonnaturale@gmail.com,http://www.salonnaturale.com/,29.4675822,-95.0872475,SkinscriptrxscraperItem
Essence Of Beauty Skincare,16518 House and Hahl Rd.,Suite B-5,Cypress,TX,77433,832-677-2117 ,casyocampo@yahoo.com,http://www.essenceofbeautyskincare.com,29.9624784,-95.7092435,SkinscriptrxscraperItem
Doctor&#8217;s Weight Control Center,"25000 Pitkin Rd, Suite 120",,Spring,TX,77386,281-367-0070,pamware82@yahoo.com,http://www.drrichardson.com/,30.1237982,-95.4388228,SkinscriptrxscraperItem
Facial Services by Jackie,11717 Bauman #A,,Houston,TX,77076,713-459-9729,facialbeauti@gmail.com,http://www.facialbeautibyjackie.com/,29.8708195,-95.3722378,SkinscriptrxscraperItem
Saisir Le Jour Day Spa,960 W Round Bunch Rd,,Bridge City,TX,77611,(409) 792-9246,tarafaye@saisirlejourdayspa.com,http://www.saisirlejourdayspa.com,30.034931,-93.850295,SkinscriptrxscraperItem
The Skincare Lounge at The Gossip Shop Salon,3333 Kingman Street,,Metairie,LA,70006,(504) 837-4600,taryn.hallal@gmail.com,http://www.theskincareloungela.com,30.0062142,-90.1806255,SkinscriptrxscraperItem
Kristi King | Your Skin &#038; Brow Specialist,335 Girod Street,,Mandeville,LA,70448,(985) 778-8450,,http://www.skinandbrow.com,30.356337,-90.0661133,SkinscriptrxscraperItem
Massage Green Spa &#8211; Jacksonville,2750 Racetrack Rd,Suite 101,Jacksonville,FL,32258,(904) 549-7535,,http://www.massagegreenspa.com/#!jacksonville-florida-racetrack/c1d63,30.1128736,-81.5904053,SkinscriptrxscraperItem
Wild Berry Tea Spa,8825 Perimeter Park Blvd.,Suite 602,Jacksonville,FL,32216,(904) 600-1960,,http://www.wildberryteaspa.com/,30.2526293,-81.5547011,SkinscriptrxscraperItem
Anna Christina Esthetics,"7301 Burnet Rd, Studio 10",inside Sola Salon,Austin,TX,78757,512-206-6151,chris@annachristinaesthetics.com,http://annachristinaesthetics.com,30.3481631,-97.7344522,SkinscriptrxscraperItem
Image Spa and Boutique,168 E. Martin Luther King,,Grand Coteau,LA,70584,(337) 308-3621,,https://www.facebook.com/Image-Spa-and-Boutique-650865298274362/,30.4074775,-92.0707707,SkinscriptrxscraperItem
Skin Junkie,"73015 Hwy 25, Suite E.",,Convington,LA,70435,(985) 888-9006,beaskinjunkie@gmail.com,http://www.skin-junkie.com,30.5007995,-90.1086352,SkinscriptrxscraperItem
Healing Garden / Peggy Baker,"12100 Hwy 49, Bldg 706",,Gulfport,MS,39503,228.832.7666,,http://www.hgtms.com/,30.4595166,-89.1040348,SkinscriptrxscraperItem
Palace Casino Resort,231 5th St,,Biloxi,MS,39530,228.386.2012,,http://www.palacecasinoresort.com/Hotel/PureSpa/tabid/219/Default.aspx,30.4012615,-88.9086306,SkinscriptrxscraperItem
Skin Care with Amy B. | at Somethin&#8217; 2 Talk About Salon,7850 Pine Forest Rd,,Pensacola,FL,32526,(850) 791-5804,?skincarewithamyb@skincaretherapy.info,http://www.skincarewithamyb.skincaretherapy.info,30.515829,-87.310794,SkinscriptrxscraperItem
Sash Spa by Sandra,3047 Gulf Breeze Parkway,,Gulf Breeze,FL,32563,850-449-9917,spasandrad@gmail.com,https://www.facebook.com/spasandrad,30.3848555,-87.0973271,SkinscriptrxscraperItem
"Rejuvenate Skin, Nails and Body Spa",6325 Dogwood dr,,MIlton,FL,32570,850-623-4006,rejuvenatesnspa@att.net,http://www.rejuvenatesnbspa.skincaretherapy.net/home,30.6657641,-87.0546567,SkinscriptrxscraperItem
Citrine Spa &#038; Body Shop,215 E. 7th Ave,,Tallahassee,FL,32303,850-668-2257,citrinespatally@gmail.com,http://www.citrinespatally.com/,30.457503,-84.280117,SkinscriptrxscraperItem
Skin Renascence/Theresa Dubberly,114 Cove Terrace Shopping Center,,Copperas Cover,TX,76522,254-226-2655,,http://www.skinrenascence.com/,31.119912,-97.8978293,SkinscriptrxscraperItem
Skin Deep Studio,1766 Memorial Drive Suite 2,,Waycross,GA,31501,912-590-2886,skindeepstudiowayx@gmail.com,http://skindeepwaycross.com/,31.204559,-82.335679,SkinscriptrxscraperItem
"Touch Velvet Skin, LLC","198 S Coronado Dr, Suite B-2",,Sierra Vista,AZ,85635,520.678.0589,touchvelvetski@gmail.com,http://touchvelvetskin.skincaretherapy.net/,31.5524014,-110.2781661,SkinscriptrxscraperItem
Dragonfly Facials,1827 Paseo San Luis,Suite B,Sierra Vista,Arizona,85635,520-266-9942,dragonflyfacials@gmail.com,http://www.dragonflyfacials.com/,31.535681,-110.254507,SkinscriptrxscraperItem
Soteria Wellness,"6070 Gateway Blvd East, Suite 222",,El Paso,TX,79905,915-257-5565,contact@soteriawellness.com,http://soteriawellness.com/,31.7801766,-106.4108555,SkinscriptrxscraperItem
Modern Beauty Bar,"267 W Duval Rd, Suite 105",,Green Valley,AZ,85614,520-539-5870,modernbeautybar@yahoo.com,http://www.modernbeautybarllc.com/,31.8994207,-110.9934504,SkinscriptrxscraperItem
Incandescent Skin and Waxing Studio,5630 E. Pima Street,,Tucson,AZ,85712,(520) 812-6802,,http://www.incandescentskin.com,32.2431876,-110.871868,SkinscriptrxscraperItem
"Pampered Skin Enterprises, LLC.",5160 E. Glenn Street,Suite 150,Tucson,AZ,85712,(520) 400-8109,,,32.2570547,-110.8819976,SkinscriptrxscraperItem
Allure Medical / Saejah Tapp,"2200 E. River Rd., Suite 120",,Tucson,AZ,85718,520-365-5028,,http://www.alluremedicalskin.com/,32.2862661,-110.9390568,SkinscriptrxscraperItem
Skinology Skin &#038; Body Studio,4249 West Ina Road,#105,Tucson,AZ ,85741,520-477-7708,skinologystudio@gmail.com,http://www.skinologystudio.com/,32.3360385,-111.0556804,SkinscriptrxscraperItem
Annette Nacim Waxing &#038; Skincare LLC,7484 N. La Cholla Blvd.,,Tucson,AZ,85741,520-331-1100,Annettenacim@gmail.com,http://www.annettenacimskincare.com/,32.3427739,-111.0117975,SkinscriptrxscraperItem
Perfectly Polished LLC,7484 North La Cholla Blvd.,,Tucson,Arizona,85706,520-909-2084,bethanysnails@gmail.com,http://www.perfectlypolishedtucson.skincaretherapy.net/,32.3428078,-111.0117986,SkinscriptrxscraperItem
Lumos Skincare Studio/Meghan Magill,"8383 Center Dr., Suite J",,La Mesa,CA,91942,619-832-4747,,https://www.vagaro.com/lumosskincarestudio,32.7754885,-117.0156845,SkinscriptrxscraperItem
DK Hair,123 W. Washington St.,,San Diego,CA,92103,619-546-4550,info@dkhair.net,http://www.dkhair.com/,32.7497166,-117.1643761,SkinscriptrxscraperItem
Pure Skin Lounge,4026 Hawk St Suite H,,San Diego,CA,92103,(619) 354-6826,pureskinlounge@gmail.com,http://www.pureskinlounge.com,32.7504173,-117.1725949,SkinscriptrxscraperItem
skinFIT by Vanessa,10201 Mission Gorge Rd,Suite D,Santee,CA,92071,619-244-5336,fabskinbyVanessa@gmail.com,http://www.skinfitsd.com/,32.8370706,-116.975943,SkinscriptrxscraperItem
Melissa Michaels Spa &#038; Salon,311 South Imperial Ave,,Imperial,CA,92251,760-355-4777,mmskinspa@att.net,http://www.mmdayspa.com/,32.8449529,-115.570279,SkinscriptrxscraperItem
Ageless Perfection Skin Care Studio,900 Hemphill St,,Fort Worth,TX,76104,817-888-5247,apskincare@att.net,http://agelessperfectionskincare.skincaretherapy.net/,32.7353347,-97.3319193,SkinscriptrxscraperItem
Peace and Energy Spa,708 Hunters Row,Suite 104,Mansfield,TX,76063,817-308-9051,lauren@peaceandenergyspa.com,http://www.peaceandenergyspa.com/,32.598978,-97.128164,SkinscriptrxscraperItem
Laced by Lonice Spa and Boutique | at 13Twentyvi,8500 N Stemmons Freeway,Suite 5060,Dallas,TX,75247,(214) 725-9871,Lacedlashesbylonice@gmail.com,http://www.vagaro.com/13twentyvi,32.8280412,-96.8717167,SkinscriptrxscraperItem
Fabulous You Spa,1414 S. Main Suite #C13,,Lindale,TX,75771,903-881-6015 or cell 903-520,Crimson.fabulousyou@yahoo.com,http://www.Facebook.com/fabulousyoulindale,32.502245,-95.405755,SkinscriptrxscraperItem
Salon Bellage and Day Spa,7500 Veterans Pkwy,,Columbus,GA,31909,(706) 561-1454,skintherapybyalicia@gmail.com,http://www.salonbellage.net/,32.556461,-84.944061,SkinscriptrxscraperItem
Trinity Wellness Spa,29A Market #1,,Beaufort,SC,29906,(843) 846-9000,trinitywellnessspa@gmail.com,http://www.trinitywellnessspa.com/,32.428103,-80.775248,SkinscriptrxscraperItem
Esthetic&#8217;s by Natalie,925 Wappoo Road,,Charleston,SC,29407,864-567-1743,natalie_venancio@yahoo.com,http://www.estheticsbynataliespa.com/,32.7943966,-80.017736,SkinscriptrxscraperItem
Get The Skin-ny,2969 State St,,Carlsbad,CA,92008,760-908-9058,jilljenee@gmail.com,http://www.gettheskin-ny.com/,33.1597811,-117.3492143,SkinscriptrxscraperItem
Serenity Skincare &#038; Spa,4822 Gallatin Way,,San Diego,CA,92117,(858) 255-4459,serenityskincareandspa@gmail.com,http://www.serenityskincare.weebly.com,32.8360724,-117.222281,SkinscriptrxscraperItem
Skin Eden &#038; Eyelash Envy,574 E. Mission Rd,Suite F,San Marcos,CA,92069,760-798-1128,Edenenvy@live.com,http://www.edenenvy.com/,33.1455089,-117.1499292,SkinscriptrxscraperItem
The Laser Center &amp; Aesthetics,"12751 Poway Road, Suite 101",,Poway,California,92064,858-679-7070,tlcaesthetics@yahoo.com,http://tlcaesthetics.org/,32.9553313,-117.054632,SkinscriptrxscraperItem
Skin by Stacy @ Studio B,1347 Tavern Rd,,Alpine ,CA,91901,(619) 820-0679,,,32.8369512,-116.7777275,SkinscriptrxscraperItem
Skin Diva Spa,414 N Marshall St,Suite B ,Casa Grande,AZ,85122,(623) 512-5967,whitehse7@gmail.com,http://www.skindivaaesthetics.com,32.877818,-111.751645,SkinscriptrxscraperItem
DermaHealth Institute of Ahwatukee,"1345 E. Chandler Blvd., Bldg 1, Ste 105",,Phoenix,Arizona,85048,480-460-1505,,http://www.dermahealthinstitute.com,33.3049428,-112.0528314,SkinscriptrxscraperItem
Stephanie Betts @ Serendipity Skin,950 E Pecos Rd. Suite #11 ,Room #9,Chandler,AZ,85225,480-332-8619,bettsskin@gmail.com,,33.29178,-111.8254823,SkinscriptrxscraperItem
Tranquil Waters Med Spa,"6510 S. Highley Rd., Suite 102",,Gilbert,AZ,85298,480-773-5772,,http://www.tranquilwatersmedspa.com/,33.2327062,-111.7213375,SkinscriptrxscraperItem
Abby Milord Skin Care with Susan Rhodes L.E.,6318 S Higley Rd,"Suite 102, Studio #16",Gilbert,AZ,85298,480-427-1979,abbymilord@gmail.com,http://www.abbymilord.com,33.235198,-111.72259,SkinscriptrxscraperItem
Radiance Skin Spa/Paula McPherson,"4100 S. Lindsay Rd, Bldg. 6, Suite 121",Inside Expressions Wax Spa,Gilbert,AZ,85297,602-370-1875,mcphersonfamily@cox.net,http://radianceskinspa.com/,33.2749274,-111.7733829,SkinscriptrxscraperItem
Face It Skincare,1006 E Warner Rd.,Suite 110,Tempe,,85284,(480) 518-2775,faceitskincareaz@gmail.com,http://www.faceitskincareaz.com,33.3353841,-111.9270761,SkinscriptrxscraperItem
Just For You Salon,1730 E. Warner Rd. ,Ste. 5,Tempe,AZ,85284,480-752-8100,,http://www.justforyouintempe.com/,33.3352783,-111.9127525,SkinscriptrxscraperItem
Therapeutic Retreat,8058 S. Priest Dr.,Suite 101,Tempe,AZ,85284,(480) 626-6200,Relax@TherapeuticRetreat.com,http://www.therapeuticretreat.com,33.3418237,-111.9631435,SkinscriptrxscraperItem
DermaHealth Institute of Chandler,"2905 W. Warner Rd., Suite 17",,Chandler,Arizona,85224,480-730-9000,,http://www.dermahealthinstitute.com,33.333925,-111.891194,SkinscriptrxscraperItem
Sundance Spa &#038; Salon,10831 S. 51st Street,,Phoenix,AZ,85044,(480) 893-0300,info@sundancespaandsalon.com,http://sundancespasalon.com/,33.3478353,-111.9734502,SkinscriptrxscraperItem
Love Your Skin by Misty,3251 E Bonanza Rd,,Gilbert,AZ,85297,(480) 266-9016,loveyourskinbymisty@gmail.com,,33.288204,-111.719583,SkinscriptrxscraperItem
"A Unique Boutique &#038; Spa, LLC",3121 Cross Timbers Rd,Suite 400,Flower Mound,TX,75028, (469) 240-9673,,http://www.auniqueboutiquespa.com/,33.037377,-97.078671,SkinscriptrxscraperItem
Auraa Spa &#038; Restoration / Farzeen Elavia,Bellezza Salon Suites,"6101A Windhaven Pkwy, Suite 150",Plano,TX,75093,469-631-1010 (phone or text),,http://www.auraaspa.com/,33.0386278,-96.8243812,SkinscriptrxscraperItem
M Esthetics,3700 Legacy Drive,,Frisco,TX,75034,972-638-8039,mesthetics1@gmail.com,http://www.monicaesthetics.com/,33.109895,-96.8389909,SkinscriptrxscraperItem
Skin Integrity Clinical Skincare,5925 Forest Ln,,Dallas,TX,75230,972-980-0833,casskiss@sbcglobal.net,,32.9101989,-96.8053493,SkinscriptrxscraperItem
Cynthia&#8217;s Wax &#038; Skincare Studio,4425 N. Central Expressway,Suite 41,Dallas,TX,75205,(214) 207-2430,Butterflycyn@aol.com ,http://www.butterflycyn.com/,32.8199721,-96.7878514,SkinscriptrxscraperItem
Destiny Day Spa by Donyea,"905 Market St, Suite 200-136",,Allen,TX,75013,469-667-1638,Destiny.dspa@gmail.com,http://www.destinyspa.net/,33.0872479,-96.6834712,SkinscriptrxscraperItem
Avila Skin Studio,6851 Virginia Pkwy #203,,McKinney,TX,75071,469-283-8185,Amy@AvilaSkinStudio.com,http://www.avilaskinstudio.com/,33.198395,-96.7078028,SkinscriptrxscraperItem
Spa Angelique,109 West Oak St. ,,Griffin,CA,30224,678-972-6297,adk4287@gmail.com,,33.2430782,-84.2649264,SkinscriptrxscraperItem
Total Wellness,208 E. 2nd N St.,,Summerville,SC,29483,(843) 261-8911,,http://www.mytotalwellnessmedical.com/,33.02122,-80.170858,SkinscriptrxscraperItem
Linda Martin,,,San Pedro,California,,310-514-9372,lindachacon@gmail.com,,33.7358518,-118.2922934,SkinscriptrxscraperItem
The Laser Image Company,1728 S. Catalina,Suite 4,Redondo Beach,CA,90277,310-543-9073,newlaserimage@gmail.com,http://www.newlaserimage.com,33.817459,-118.387371,SkinscriptrxscraperItem
Tru Skin Rituals,711 W 17th St.,Suite C-2,Costa Mesa,CA,92627,(714) 906-4356,jamie@truskinrituals.com,http://www.truskinrituals.com,33.6352434,-117.9286253,SkinscriptrxscraperItem
The Beauty Room,16785 Beach Blvd,Suite A,Huntington Beach,CA,92647,714-841-2131 or 714-296-8789,brigoodall@gmail.com,http://thebeautyroombythebeach.com/,33.718855,-117.989265,SkinscriptrxscraperItem
Studio Cosmetique (inside Tranquility Spa &#038; Salon),"17775 Main St., Ste L",,Irvine,California,92614,888-981-9440,info@studiocosmetique.com,http://www.studiocosmetique.com/,33.6867692,-117.8581596,SkinscriptrxscraperItem
Massage Serene Spa/Myranda Poletiek,16561 Bolsa Chica St,Suite 100,Huntington Beach,CA,92649,714-477-0525,,http://massageserenespa.com/,33.7215505,-118.0421,SkinscriptrxscraperItem
Radiant Faces and Wraps,,,Aliso Viejo,CA,92656,949-466-0825,tanya@radiantfacesandwraps.com,http://www.radiantfacesandwraps.com/,33.5676842,-117.7256083,SkinscriptrxscraperItem
Spa Alana,34179 Golden Lantern,Suite 101,Dana Point,CA ,92629,949-276-5827,,http://www.skincarebyalana.com,33.466151,-117.698216,SkinscriptrxscraperItem
Jessie Oshann- Thairapy Salon and Spa,120 Marina Drive,,Long Beach,CA,90803,562.430.2355,THAIRAPYSALONSPA@YAHOO.COM,http://www.thairapysalonlongbeach.com/,33.7475761,-118.1138273,SkinscriptrxscraperItem
Come Spa With Me,Come Spa With Me  28251 Crown Valley Pkwy. Ste. J,Located inside the Ralph's shopping center.,Laguna Niguel,CA,92677,949-916-7351,info@comespawithmeoc.com,http://www.comespawithmeoc.com/index.html,33.5547479,-117.68672,SkinscriptrxscraperItem
Le Petit Skin Retreat,"13481 Euclid Street, Ste D",,Garden Grove,CA,92843,(714) 363-7869,hello@lepetitskin.com,http://www.lepetitskin.com,33.7672331,-117.9381891,SkinscriptrxscraperItem
Adonis Spa,1218 Irvine Blvd Suite 15,,Tustin,CA,92780,714.904.2240,spagirl64@gmail.com,,33.7460318,-117.8089315,SkinscriptrxscraperItem
Massage Green Spa | Santa Ana,"1945 E 17th St, Suite 107",,Santa Ana,CA,92705,714-604-4644,,http://www.massagegreenspa.com/#!santa-ana-california/cwur,33.7609429,-117.838456,SkinscriptrxscraperItem
Dare to be Bare,10181 Valley View St,Suite 109,Cypress,CA,90630,(714) 651-1935,Myndeec33@yahoo.com,,33.8146517,-118.0294207,SkinscriptrxscraperItem
Augusta Sweet | Sacred Skincareapy (inside Skin Diversity Day Spa),421 Pine Ave,,Long Beach,CA,90802,(562) 980-2696,skincareapist@gmail.com,http://sacredskincareapy.skincaretherapy.net/,33.7720194,-118.1927635,SkinscriptrxscraperItem
Pure Skin &#038; Body Lounge,1421 N Wanda Rd,Suite 180,Villa Park,CA,92867,714-450-5118,devyn@psblounge.com,http://www.psblounge.com/,33.8111554,-117.8216345,SkinscriptrxscraperItem
LaRue&#8217;s Massage &#038; Bodywork Spa,29950 Hunter Road #101,,Murrieta,CA,92563,(951) 461-8377,laruesmassage@gmail.com,http://www.laruesmassageandbodywork.com/,33.5693063,-117.1365165,SkinscriptrxscraperItem
Advanced Dermatology &#038; Skin Cancer Specialists | Eulalia Papineau,31720 Temecula Parkway,Suite 200,Temecula,CA,92592,951-303-6900,lvlvllaugh@hotmail.com,http://www.advanceddermspecialists.com/,33.4803722,-117.103519,SkinscriptrxscraperItem
Captivating Skin by Margo: Margo Koeller,19771 Grandview Dr.,,Corona,CA,92881,951-818-4808 ,captivatiingskin@aol.com,http://www.captivating.skincaretherapy.net/,33.832566,-117.52592,SkinscriptrxscraperItem
Facial Garden Skin Care &#038; Wellness,1211 W. Acacia Avenue Ste. P,,Hemet,CA,92543,(951) 255-0994,facial_garden@yahoo.com,http://www.facialgardenspa.com,33.7435095,-116.9837619,SkinscriptrxscraperItem
Stacy Luzzi,73-725 El Paseo  ,Suite 21-C   ,Palm Desert,CA,92260,760-567-9246,stacyluzzi@gmail.com ,http://www.stacyluzzi.com,33.7195772,-116.3789096,SkinscriptrxscraperItem
Nataliya Levytska,,,Palm Desert,California,,760-298-4408,iteatralka@aol.com,,33.7222445,-116.3744556,SkinscriptrxscraperItem
Kahnema Melkesian,50795 Calle Guymas,,LaQuinta,California,92253,760-485-2420 &amp; 760-564-4801,melkesian@aol.com,,33.679887,-116.291747,SkinscriptrxscraperItem
Sally Peoples Aesthetics,39935 Vista Del Sol,Suite 204,Rancho Mirage,CA,92270,760-641-3743,sallypeoples@ymail.com,,33.758488,-116.3988671,SkinscriptrxscraperItem
Salon 119 &#038; Spa/Nikki Roman,"245 South Palm Canyon Dr., Suite 5",,Palm Springs,California,92262,(760) 327-4800,nikkibskincare@yahoo.com,http://www.salon119.com/,33.8204024,-116.5469481,SkinscriptrxscraperItem
Champagne Images,3301 N Litchfield Rd. Suite 500,,Goodyear,AZ,85395,623-536-6617,kbesthetics@yahoo.com,http://www.champagneimages.com,33.4845935,-112.3618243,SkinscriptrxscraperItem
David Gerard Salon,3810 South Estrella Parkway,,Goodyear,AZ,85338,(623) 925-8181,DavidGerardSalon@hotmail.com,http://www.davidgerardsalon.com/,33.4119474,-112.3934026,SkinscriptrxscraperItem
The Skincare Extraordinaire,501 E. Plaza Circle,Suite E,Litchfield Park,AZ,85340,623-826-3726,arizonaskin@gmail.com,http://www.SkincareExtraordinaire.com,33.49293,-112.3431159,SkinscriptrxscraperItem
Loving My Skin,5220 N. Dysart Rd. #E156,,Litchfield Park,AZ,85340,623-688-3802,lovingmyskin@hotmail.com,,33.5114689,-112.3415902,SkinscriptrxscraperItem
Lavenders Day Spa,13000 W. Indian School Rd.,Suite A2,Litchfield Park,AZ,85340,(623) 547-0204,eileenmt@me.com,http://lavendersdayspas.com/,33.4948424,-112.3391807,SkinscriptrxscraperItem
Silhouette Beauty,13547 N Litchfield RD Suite #1,,Surprise,AZ,85379,623-203-3432,silhouettebeautyllcaz@gmail.com,http://silhouettebeauty.net/,33.6053883,-112.3590859,SkinscriptrxscraperItem
Blush Skin Care,13980 W. Bell Rd,Ste 5,Surprise,AZ,85374,623-414-2528,lisahurt@live.com,http://blushskincarellc.com/,33.6402708,-112.3611979,SkinscriptrxscraperItem
Blu Sol Massage Spa,9897 W. McDowell Rd. Suite 750,,Tolleson,AZ,85353,623-907-9937,,http://blusoltolleson.com/,33.4643658,-112.2696331,SkinscriptrxscraperItem
Cosmo Day Spa,9820 W. Lower Buckeye Rd,Suite D108,Tolleson,AZ,85353,(623) 936-5200,info@cosmodayspas.com,http://www.cosmodayspas.com/,33.4222909,-112.2688825,SkinscriptrxscraperItem
Dawn Grove,,,Peoria,AZ,85383,623-225-5742,cocofam@cox.net,,33.5805955,-112.2373779,SkinscriptrxscraperItem
Absolute Skin Care &#038; Waxing,"16049 N Fountain Center Dr, Suite #9",,Peoria,AZ,85382,602-918-9902,,http://www.absoluteskincare.biz/,33.6304099,-112.2378337,SkinscriptrxscraperItem
CCSkincare,16049 N Fountain Center Dr #9,,Peoria,AZ,85382,818-378-0630,ccskincareaz@yahoo.com,http://www.ccskincareaz.com/,33.6304099,-112.2378337,SkinscriptrxscraperItem
Cato&#8217;s Face and Body Place,18255 N. 83rd Ave ,(Inside Bloom Salon),Glendale,AZ,85308,623-243-2235,catosplace@cox.net,http://www.catosplace.com/,33.6465938,-112.2363237,SkinscriptrxscraperItem
Ageless Skin Studio,17570 N 75th Ave Suite 22,,Glendale,AZ,85308,480-630-1318,,http://www.agelessskinstudio.com,33.6432869,-112.2203901,SkinscriptrxscraperItem
Salon Fleur De Leigh,17570 N 75th Ave,Suite 42,Glendale,AZ,85308,602-320-8569,jaclynlisky@icloud.com,http://www.azbeautyservices.com,33.6432869,-112.2203901,SkinscriptrxscraperItem
Melt Massage &#038; Facial Studio,7200 W Bell Rd E104,,Glendale,AZ,85308,480-221-2755,relax@meltaz.com,http://www.meltaz.com/,33.6385336,-112.2139066,SkinscriptrxscraperItem
Timeless Beauty Aesthetics | Joana Espinoza,"5334 W. Northern Ave., Suite 103",,Glendale,AZ,85301,623-934-4969,timelessbeautybyjoana@gmail.com,,33.5535111,-112.1747068,SkinscriptrxscraperItem
Ageless Skin Studio / Teresa Prather,"1750 N. 75th Ave., Suite 22",(Inside Salon Boutique),Glendale,AZ,85308,480-630-1318,,http://www.agelessskinstudio.com/,33.6568843,-112.2204344,SkinscriptrxscraperItem
DermaHealth Institute of Glendale, 21681 North 77th Ave.,Suite 1400,Peoria,AZ,85382,623-594-1300,,http://www.dermahealthinstitute.com/,33.6812206,-112.224704,SkinscriptrxscraperItem
Beauty By Kristina,18205 N. 51st Ave #126,,Glendale,AZ,85308,(623) 282-4159,info@beautybykristina.com,http://www.beautybykristina.com/,33.651775,-112.168379,SkinscriptrxscraperItem
Phoenix Laser &#038; Rejuvenation Center,2835 N. Central Ave.,,Phoenix,AZ,85004,623-224-9169,phoenixlaserrc@gmail.com,http://www.phoenixlrc.com/home.html,33.4797305,-112.073667,SkinscriptrxscraperItem
Di Luxe Polish Lounge,4131 N. 24th St.,Suite A201,Phoenix,AZ,85016,602-955-3600,,http://www.diluxepolishlounge.com/,33.495858,-112.0291929,SkinscriptrxscraperItem
Body Beautiful Day Med Spa,4449 N. 24th St,,Phoenix,Arizona,85016,602-522-9222,customercare@bodybeautifulspa.net,http://www.bodybeautifulspa.net,33.5018817,-112.0298912,SkinscriptrxscraperItem
Gigi&#8217;s Mind Body and Soul Day Spa,1130 E. Missouri ,Suite 580,Phoenix,AZ,85014,(602) 441-2279,gigismbs@gmail.com,http://www.gigimbs.skincaretherapy.net,33.51742,-112.057129,SkinscriptrxscraperItem
Scottsdale House Salon,4800 N. 68th St,,Scottsdale,AZ,85251,(480) 238-2879,mpfister172@gmail.com,,33.507092,-111.936896,SkinscriptrxscraperItem
Leah Lamphier Skin Care,Steven Paul Salon,7045 E. 3rd Avenue,Scottsdale,AZ,85251,602-402-1603,LeahL.SkinCare@gmail.com,http://www.LeahLamphierSkinCare.com,33.4961,-111.929344,SkinscriptrxscraperItem
Steven Paul Salon- Sherill DuBois,7045 E. 3rd Ave,,Scottsdale,Arizona,85251,480-603-1000,,http://www.stevenpaulsalon.com/,33.4961,-111.929344,SkinscriptrxscraperItem
Revitalizing Skincare,4333 N. Civic Center Plaza #600,,Scottsdale,AZ,85251,623-552-1101,,http://www.revitalizingskincare.net,33.4993798,-111.9211414,SkinscriptrxscraperItem
DermaHealth Institute of Paradise Valley,"10214 N. Tatum Blvd., Ste. B-300",,Phoenix,Arizona,85028,480-991-7900,,http://www.dermahealthinstitute.com,33.579696,-111.978343,SkinscriptrxscraperItem
Narande Spa At Marriott The Buttes Resort,2000 Westcourt Way ,,Tempe,AZ,85282,1-602-431-2357 ,,http://www.marriott.com/hotels/travel/phxtm-the-buttes-a-marriott-resort/,33.401549,-111.968763,SkinscriptrxscraperItem
One Love Boutique Spa,10632 N Scottsdale Rd ,Suite A,Scottsdale,AZ,85254,480-522-4762,info@oneloveboutiquespa.com,http://www.oneloveboutiquespa.com/,33.58367,-111.926471,SkinscriptrxscraperItem
Salon Zoya,9261 E Via De Ventura #106B,,Scottsdale,AZ,85258,480-951-4285,,,33.5530194,-111.8811376,SkinscriptrxscraperItem
Skin Couture LLC,Phoenix Salon Suites,S3610 N Scottsdale Rd. #120,Scottsdale,AZ,85254,480-239-7453,stephanie0336@yahoo.com,,33.6071829,-111.9403254,SkinscriptrxscraperItem
Vitality Skin &#038; Body/Ann Marie Worthington,"8520 E. Shea Blv d., Suite 100",,Scottsdale,AZ,85260,480-203-3918,info@vitalityskinandbody.com,http://www.vitalityskinandbody.com/,33.583039,-111.897464,SkinscriptrxscraperItem
BeautyWorx,13216 N 7th St,Suite 7,Phoenix,AZ,85022,602-863-3973,,,33.6060548,-112.0663997,SkinscriptrxscraperItem
Forever Fresh Skin Care,13610 N. Scottsdale Rd.,Suite 110,Scottsdale,AZ,85254,602-291-4130,,http://www.foreverfreshskincare.skincaretherapy.net,33.6101544,-111.9262185,SkinscriptrxscraperItem
Divine Skin Spa,"4807 E. Greenway Rd., Suite 1",,Scottsdale,Arizona,85254,480.626.8520,,http://www.divineskinspa.com,33.6247363,-111.9773179,SkinscriptrxscraperItem
Arizona Grand Resort,7777 S. Pointe Parkway,,Phoenix,Arizona,85044,602-431-6485,,http://www.arizonagrandresort.com/arizona-spa-resorts.php,33.375942,-111.969786,SkinscriptrxscraperItem
Mozaik Skin &#038; Body,"9160 E. Shea Blvd., #106",,Scottsdale,AZ,85260,480-315-8088,,http://www.mozaikskin.com/,33.5835659,-111.8835521,SkinscriptrxscraperItem
Sonoran Serenity Spa,"4515 S Lakeshore Drive, Suite 105",,Tempe,AZ,85282,480-772-3297,,http://sonoranserenityspa.com,33.3823449,-111.9258427,SkinscriptrxscraperItem
Facials by Ann,15455 N. Greenway Hayden Loop,C-14,Scottsdale,AZ,85260,602-384-4186,,http://www.facialsbyann.com,33.6262149,-111.9203411,SkinscriptrxscraperItem
Lorna&#8217;s Heavenly Skin Studio,5533 East Bell Road ,Suite 116,Scottsdale,AZ,85254,480-593-3479,lorna@lhsstudio.com,http://www.lhsstudio.com/,33.640162,-111.961383,SkinscriptrxscraperItem
"A Savvy Skin Care: Holistic, Corrective Skin Care",1 3802 N. Scottsdale Rd. Ste 35,,Scottsdale,Arizona,85254,602-918-2073,,http://www.asavvyskincare.com/,33.6382027,-111.9252817,SkinscriptrxscraperItem
New Serenity Spa,15609 N Hayden Rd,Suite 138,Scottsdale ,AZ,85260,480-998-6991,info@newserenityspa.com,http://www.newserenityspa.com,33.627429,-111.891315,SkinscriptrxscraperItem
Sarah Niemi L.E.,47 W Main St,,Mesa,AZ,85201,480-378-2300 ,phfaces@gmail.com,,33.4147607,-111.8332361,SkinscriptrxscraperItem
Cyndi McKnight,,,Mesa,Arizona,,(480)586-5826,cyndi92688@yahoo.com,,33.4151843,-111.8314724,SkinscriptrxscraperItem
The Blume Skin Centre,8575 East Princess Dr.,Suite 123,Scottsdale,AZ,85255,(480) 699-7999,,http://blumeskintreatment.com/,33.6447934,-111.8937022,SkinscriptrxscraperItem
AZ Skin Rehab,1855 S. Country Club Drive,,Mesa,AZ,85210,(480) 215-6591,azskinrehab@gmail.com ,http://www.azskinrehab.com/,33.3810889,-111.8391838,SkinscriptrxscraperItem
Inspired Skincare LLC,1855 S. Country Club Dr. Suite 111,Studio 118 ,Mesa,AZ,85210,(480) 939-0569,natasha@inspiredskincarellc.com ,http://www.inspiredskincarellc.com,33.3810889,-111.8391838,SkinscriptrxscraperItem
Sugar Me Wax,18291 N Pima Rd Ste A-125,,Scottsdale,AZ,85255,480-500-1555,layne@sugarmewax.com,http://www.sugarmewax.com/,33.653744,-111.8863948,SkinscriptrxscraperItem
Skin GLO Studio,2855 E. Brown ,Suite 17,Mesa,AZ,85213,(602) 573-6898,,http://www.skinglostudio.com/,33.4365448,-111.7693394,SkinscriptrxscraperItem
Scottsdale Skin and Holistic Health,"7500 E. Pinnacle Peak Rd., Suite A-207",,Scottsdale,Arizona,85254,602-384-4186,facialsbyann@yahoo.com,,33.6993247,-111.9180171,SkinscriptrxscraperItem
Mary Crawford (within Flair Salon),1140 N. Gilbert Rd.,Suite 101,Gilbert,AZ,85234,480-993-7334 ,estheticsgirl@yahoo.com ,,33.3708339,-111.7909659,SkinscriptrxscraperItem
Flair! Salons,"1140 N. Gilbert Rd., Suite 101",,Gilbert,Arizona,85234,602-463-6944,,http://flairsalons.com/skincare.html,33.3704046,-111.790096,SkinscriptrxscraperItem
Zynergy Salon,78 North Cooper Rd. #103,,Gilbert,Arizona,85234,480-539-1111,zynergysalon@gmail.com,http://www.zynergysalon.com/,33.351277,-111.807704,SkinscriptrxscraperItem
Simply Ravishing Salon,2401 East Baseline Rd Suite 104,,Gilbert,AZ,85234,480-558-5143,simplyravishingsalon@gmail.com,http://www.simplyravishingsalon.com/,33.3785515,-111.7788332,SkinscriptrxscraperItem
The Pretty Parlor,2060 W Whispering Wind Drive,,Phoenix,AZ,85085,(480) 334-0027,,http://www.theprettyparlor.com,33.7113003,-112.1039297,SkinscriptrxscraperItem
Kurnita Wallace | Sherry &#038; Co. Hair Design,2540 Apache Trail #110,,Apache Junction,AZ,85120,(480) 982-1849,kurnitak@aol.com,,33.4161279,-111.5733759,SkinscriptrxscraperItem
The Village Salon and Spa,1917 S Signal Butte Rd,Suite 109,Mesa,AZ,85209,(480) 380-2787,info@thevillagesalonandspa.com,http://www.thevillagesalonandspa.com ,33.3807106,-111.5986894,SkinscriptrxscraperItem
Waxetera,3514 N Power Rd Suite 104,,Mesa,AZ,85215,602-793-4553,,http://www.waxetera.com/,33.4802435,-111.6852134,SkinscriptrxscraperItem
DermaHealth Institute of Mesa,"4140 E. Baseline Rd., Suite 110",,Mesa,Arizona,85206,480-539-0777,,http://www.dermahealthinstitute.com/,33.3793265,-111.7448952,SkinscriptrxscraperItem
White Lotus Salon and Spa,1530 S. Val Vista Dr. #101,,Gilbert,AZ,85296,(480) 247-6879,,http://whitelotussalon.com/,33.322367,-111.756204,SkinscriptrxscraperItem
Natural Skin 108,4410 50th St.,,Lubbock,TX,79414,806-392-4055,naturalskin108@gmail.com,http://lubbockhwy108.com/,33.5493158,-101.9062832,SkinscriptrxscraperItem
Annie Rateliff Skincare,4150 McKnight Rd,,Texarkana,TX,75503,903-556-8659,annierateliffskincare@gmail.com,http://www.annierateliffskincare.skincaretherapy.net/,33.4646441,-94.0948947,SkinscriptrxscraperItem
Aromaskin Salon,111 Petrol Point,Suite 100,Peachtree City,GA,30269,770-815-2678 ,,http://www.aromaskinsalon.com ,33.4116193,-84.5602879,SkinscriptrxscraperItem
Laciana Waxing &#038; Beauty Salon,1580 Flat Shoals Rd SE,Unit B,Atlanta,GA,30316,404-941-6575,myskintherapist@hotmail.com,,33.7312589,-84.3361015,SkinscriptrxscraperItem
Rawnature Face &#038; Body,110 E. Andrews Drive NW,Suite 307,Atlanta,GA,30305,(404) 771-0164,rawnaturefab@gmail.com,http://rawnaturefaceandbody.com/,33.8428743,-84.3827375,SkinscriptrxscraperItem
Glo Facial Spa &#038; Waxing,21 W Robert Toombs Ave,,Washington,GA,30673,706-990-1541,,,33.7368552,-82.7385848,SkinscriptrxscraperItem
That Curl Salon and Spa,3456 Forestbrook Rd.,,Myrtle Beach,SC,29588,843-236-2230,,http://www.thatcurlsalonandspa.net/,33.696886,-78.999942,SkinscriptrxscraperItem
Skin By Tara (located inside Studio 226),226 N. Skyline Dr,,Thousand Oaks,CA,91362,(805) 373-1930,tara@skinbytara.com,http://www.skinbytara.com,34.1723766,-118.8359471,SkinscriptrxscraperItem
SKINTEGRITY Skincare Studio,1131 Montana Ave.,,Santa Monica,CA,90403,(310) 482-7476,skintegrityskincare@gmail.com,http://skintegrityla.com/index.html,34.0306397,-118.4973197,SkinscriptrxscraperItem
goddesslynneBODYandSKIN,1051 Glendon Ave. Suite 105,,Los Angeles,CA,90024,(310) 487-3663,appointments@goddesslynneBODYandSKIN.com,http://www.goddesslynnebodyandskin.com/,34.0616564,-118.4442906,SkinscriptrxscraperItem
Color and Cream | Makeup and Skin Care,By Appointment Only,,Sherman Oaks,CA,91423,(818) 570-3322,info@colorandcream.net,http://www.colorandcream.net/,34.1482691,-118.4338345,SkinscriptrxscraperItem
Hello Beautiful Skin Studio,1601 S. Pacific Coast Hwy. #280,Studio 50,Hermosa Beach,CA,90254,310 502-3524,sirrells@yahoo.com,http://www.hellobeautifulskinstudio.com/,33.8669811,-118.3941963,SkinscriptrxscraperItem
Jen Christie Skin Care + Waxing Studio,4521 Van Nuys Blvd.,(located inside The Dollhouse),Sherman Oaks,CA,91604,818-621-6565,jenchristieskincare@gmail.com,http://jenchristieskincare.gettimely.com/,34.1536832,-118.4489553,SkinscriptrxscraperItem
Jasmine Skin Care + Lash Studio (Inside Stiletto Nail Bar),13235 Ventura Blvd.,,Studio City,CA,91604,(818) 669-0333,sayhitojasmine@gmail.com,,34.1465716,-118.4208927,SkinscriptrxscraperItem
LA Express Centers,914 S Glenoaks Blvd.,,Burbank,CA,91501,(855) 523-9773,info@laexpresscenters.com,http://www.laexpresscenters.com/home.html,34.1772881,-118.2977152,SkinscriptrxscraperItem
Silky Skin,2032 Thompson Court,Suite 2,Montrose,CA,91020,818-334-4926,,http://www.silky-skin.net/,34.205996,-118.2258132,SkinscriptrxscraperItem
Glow On Esthetics,799 E. Green St.,Suite 30,Pasadena,CA,91101,213-608-6810,glowonesthetics@gmail.com,,34.144912,-118.1341206,SkinscriptrxscraperItem
Glowing Radiance,139 N Raymond Avenue,,Fullerton,CA,92831,626-217-7795,glowing.radiance@outlook.com,,33.8715996,-117.9076086,SkinscriptrxscraperItem
Radiant Skin Care,"620 N. Rose Dr, Suite 127 & 128",(Inside Phenix Salon Suites),Placentia,CA,92870,714-512-0917,radiantskinoc@gmail.com,http://www.radiantskinoc.com/,33.8731079,-117.8791498,SkinscriptrxscraperItem
Massage Green-Upland,283 S. Mountain Avenue,,Upland,CA,91786,(909) 367-2468,,http://www.massagegreenspa.com/#!upland-california/c1di9,34.0909574,-117.6721225,SkinscriptrxscraperItem
Aesthetics by Rose,4965 East St.,,Riverside,CA,92505,(951) 858-0267,,http://aestheticsbyrose.com/,33.9773333,-117.4453631,SkinscriptrxscraperItem
Derma Spa,3700 Van Buren Blvd Ste 106 ,,Riverside,CA,92503,951-351-8696,dermaspa@att.net,http://www.Dermaspaskincare.com,33.9187336,-117.4450467,SkinscriptrxscraperItem
Blue Butterfly Skin Care Studio,111 E State St. Suite 207,,Redlands,CA,92373,951-842-9696,bluebutterflybodycare@gmail.com,,34.0564576,-117.1810007,SkinscriptrxscraperItem
Skin Essentials,"33490 Oakglen Rd., Suite C",,Yucaipa,California,92399,909-790-9000,skinessentialsnow@verizon.net,http://www.skinessentials-dayspa.com/,34.032137,-117.075088,SkinscriptrxscraperItem
TLC Aesthetics,"4111 W Innovative Dr, Ste 112 ",,Anthem,AZ,85086,(602) 339-6819 ,info@tlc-aesthetics.com,http://tlc-aesthetics.com/,33.8670277,-112.1482899,SkinscriptrxscraperItem
Private Moments Natural Skin Therapy,110 Evans Mill Dr.,Suite 310,Dallas,GA,30157,404-429-5623,,http://www.privatemoments.skincaretherapy.net/,33.9170155,-84.7658907,SkinscriptrxscraperItem
Shine Aesthetics,1275 Shiloh Rd. Suite 2031,,Kennesaw,GA,30144,678-907-0708,,http://www.yharper.massagetherapy.com,34.0480499,-84.5878441,SkinscriptrxscraperItem
"Patti Miller Business Manager/Esthetician  Larry H. Miller, DDS Dental Spa Fine Feathers Spa, LLC","845 Shaw Park Rd., Ste B",,Marietta,GA,30066,770-428-0805; 770-597-4840  ,,http://www.yourmariettadentist.com/,34.025703,-84.5267329,SkinscriptrxscraperItem
Skin Image Spa,2525 Shallowford Rd.,Suite 200,Marietta,GA,30066,(678) 982-7470,,,34.0419478,-84.4775118,SkinscriptrxscraperItem
A New You Skin and Body Clinic,145 Towne Lake Pkwy Ste 101,,Woodstock,GA,30188,(678) 739-0040,,http://www.anewyouclinic.com/,34.1017808,-84.5257586,SkinscriptrxscraperItem
"Unica Skin Care, LLC","1195 Woodstock Road, Suite 910",Salon #19,Roswell,GA,30075,(770) 633-7297,mirele@unicaskincare.com,http://www.unicaskincare.com,34.0622795,-84.3988212,SkinscriptrxscraperItem
"So Clean Aesthetics, LLC",1105 Parkside Lane,Suite 1000 No.28,Woodstock,GA,30189,(678) 885-7226,info@socleanaesthetics.com ,http://www.socleanaesthetics.com ,34.1078415,-84.5528869,SkinscriptrxscraperItem
Skincare by KimBella,"4651 Roswell Rd, suite 703",,Sandy Springs,GA,30342,(404) 345-5881,Skincarebykimbella@gmail.com,http://squareup.com/store/skinfacebodybykimbella,33.8821012,-84.3785718,SkinscriptrxscraperItem
Mango Bliss Spa/Patience Jeacoma,5755 N. Point Pkwy,Suite 268,Alpharetta,GA,30022,770-569-9969,,http://mangoblissspa.com/,34.0535915,-84.2804793,SkinscriptrxscraperItem
Susan&#8217;s Skin Care Studio,769 Peachtree Parkway,Suite 3,Cumming,GA,30041,(770) 634-5590,estysusan@gmail.com,http://www.susansskincarestudio.com/,34.142869,-84.1725089,SkinscriptrxscraperItem
Spa 131,131 State Street,,West Columbia,SC,29169,893-251-9400,,http://www.spa131.com/,33.993507,-81.055543,SkinscriptrxscraperItem
Dona Bella Spa,"5276 Hollister Ave., #456",,Santa Barbara,CA,93111,805-637-9842,,http://donabellaspa.com/,34.4353882,-119.8085591,SkinscriptrxscraperItem
Mary Helm Skincare,30 W. Mission St. #4,,Santa Barbara,CA,93101,805-569-5590,,,34.4301003,-119.7157903,SkinscriptrxscraperItem
Massage Green Spa | Santa Barbara,2026 Cliff Dr,,Santa Barbara,CA,93109,805-259-1490,,http://www.massagegreenspa.com/#!santa-barbara-california/c14ne,34.4021668,-119.7249461,SkinscriptrxscraperItem
Faces by Di,26615 Bouquet Canyon Road Suite 19,,Santa Clarita,CA,91350,(661) 718-6292,dfmakeup@aol.com,http://www.facesbydi.com,34.4299692,-118.53581,SkinscriptrxscraperItem
Wild Hair Company,19195 Outer Hwy 18 Suite 105,,Apple Valley,CA,92307,760-242-2907,,http://wildhaircompany.com/,34.5362079,-117.2454334,SkinscriptrxscraperItem
Linda Marie Skin Care,522 E Sheldon ,,Prescott,AZ,86301,928-499-8080,lindasc333@aol.com,,34.5455328,-112.4621465,SkinscriptrxscraperItem
A Borgata Salon,1500 Highway 69,Inside Prescott Resort,Prescott,Arizona,86301,(928) 443-9119,aborgata1@gmail.com,http://www.aborgatasalon.com,34.5483696,-112.4458108,SkinscriptrxscraperItem
Red Rock Skin Care,located inside Colours of Sedona,"6446 State Route 179, Suite 205",Sedona,AZ,86351,928-284-6844,redrockskincare@gmail.com,http://www.redrockskincare.com/,34.7566841,-111.7376178,SkinscriptrxscraperItem
Pure Salon • Spa,"110 Normandy Street, Suite B",,Hot Springs,AR,71913,(501) 701-9911,puresalonspa@outlook.com,http://www.purehs.com/,34.4709551,-93.0620847,SkinscriptrxscraperItem
Details &#038; Options Salon Spa,823 N. Tibbs Rd.,,Dalton,GA,30720,706-271-0211,skinscript1@gmail.com,,34.7832148,-85.0014755,SkinscriptrxscraperItem
M.Y. Beauty Lounge,425 N Main St,Suite B,Simpsonville,SC,29681,864-399-0497,info@mybeautyloungesc.com,http://www.mybeautyloungesc.com/,34.7459657,-82.2609365,SkinscriptrxscraperItem
Central Coast Red Coral Spa,1148 E Grand Avenue,,Arroyo Grande,CA,93420,805-904-2700,ccredcoralspa@gmail.com,http://www.ccredcoralspa.com/,35.1201708,-120.5977131,SkinscriptrxscraperItem
"Skin Care, Waxing &#038; Lashes by Janelle and Ofelia",7420 District Bl # B,,Bakersfield,CA,93313,805-390-8383 ,,,35.313622,-119.0836459,SkinscriptrxscraperItem
The Nail Cottage Salon and Spa,3007 N. West St,,Flagstaff,AZ,86004,(928) 774-6245,nailcottage@juno.com,,35.2173747,-111.6222971,SkinscriptrxscraperItem
Le Reve Skincare,4601 Paradise Blvd ,Suite 106,Albuquerque ,NM,87114,505-407-7546  ,,http://www.lereveskincare.com/,35.1833763,-106.672677,SkinscriptrxscraperItem
Inspiring Wellness,"#2 San Rafael, Suite D",,Albuquerque,NM,87122,505-225-0700,2sanrafael@gmail.com,http://www.inspiringwellness.info/,35.1640617,-106.4949374,SkinscriptrxscraperItem
"Susie Sarkozy, LE",6301 HWY 45,Suite E,Fort Smith,AR,72919,479-926-1002,susansarkozy@gmail.com,,35.3228962,-94.3868989,SkinscriptrxscraperItem
LifeBalance Massage &#038; Wellness,5084 South Terrace,Suite 120,Chattanooga,TN,37412,423-894-3175,eva@lifebalancemassage.com,http://www.lifebalancemassage.com/,35.0029245,-85.2224718,SkinscriptrxscraperItem
Pure Skin Spa / Clemson Eye Associates,360 Pelham Rd,,Greenville,SC,29615,864-268-1000 (office),,http://www.clemsoneye.com,34.8665706,-82.349097,SkinscriptrxscraperItem
Endless &#8220;Spa&#8221;sibilities,800 S Pine St,Suite B,Spartanburg,SC,29302,(864)-978-9567,katiemarvin1281@gmail.com,,34.939362,-81.905643,SkinscriptrxscraperItem
Sanctuary Massage and Facial Spa,268 Rockmont Dr,,Fort Mill,SC,29708, 803-526-4292,info@sanctuaryfortmill.com,http://www.sanctuaryfortmill.com/,35.0603814,-80.9935933,SkinscriptrxscraperItem
Luminosity Skin Boutique | Located Inside Salons by JC,11121 Carmel Commons Blvd,Building 100,Charlotte,NC,28277,(704) 936-8482,luminosityskin20@yahoo.com,,35.0844552,-80.8470481,SkinscriptrxscraperItem
Lee Bowman SkinCare,1010 Marquez Place,Suite D4,Santa Fe,NM,87505,(505) 670-9219,leebowmanskin@gmail.com,http://www.spasantafe.com,35.6756298,-105.9511099,SkinscriptrxscraperItem
Lee Bowman Skincare,1010 Marquez Pl,Suite D4,Santa Fe,NM,87505,505-670-9219,leebowmanskin@gmail.com,http://www.spasantafe.com/,35.67563,-105.95111,SkinscriptrxscraperItem
Southern Sass Esthetics and Beauty | Located Inside Cut N Loose Salon,105 S. Castle Rock Ln.,,Mustang,OK,73064,(405) 203-5916,estygirl2015@gmail.com,http://southernsassesthetic.wix.com/4you,35.3912144,-97.7155572,SkinscriptrxscraperItem
Exquisite,11901 N. MacArthur Blvd,Suite C5,Oklahoma City,OK,73162,(405) 456-9655,,http://www.exquisiteokc.com,35.591319,-97.6217039,SkinscriptrxscraperItem
European Skincare &#038; Spa,3722 Sweeten Creek Rd ,,Arden,NC,,(828) 708-7147,europeanskincareandspa@gmail.com,http://www.europeanskincareandspa.com,35.47464,-82.515162,SkinscriptrxscraperItem
Alight Wholistic Skin &#038; Body Therapies,478 Williamson Rd Suite E,,Mooresville,NC,28117,704-245-3820,,http://www.alightwholistic.com/,35.5750685,-80.8703178,SkinscriptrxscraperItem
"Healing Tree Massage Therapy, Skincare, &#038; Wellness, LLC",618 N Main Street,Suite 104,Mooresville,NC,28115,704-604-5341,HealingTreeNC@massagetherapy.com, www.healingtreenc.massagetherapy.com,35.586973,-80.803173,SkinscriptrxscraperItem
Smooth Reflections Skincare,114 Salem Towne Court,,Apex,NC,27502,(919) 717-1231,,http://www.apexsmoothreflections.com/,35.7382023,-78.8494534,SkinscriptrxscraperItem
Glow! Beauty Studio,1152 Executive Circle,Suite 200,Cary,NC,27511,(919) 228-9412,info@myglowbeauty.com,http://www.myglowbeauty.com/,35.765455,-78.782318,SkinscriptrxscraperItem
,7058 West Sunset Ave,suite 6,"Springdale,",AR,72762,479-306-4900,kool_tanz@yahoo.com,http://www.kooltanz.com/,36.1769704,-94.2086872,SkinscriptrxscraperItem
Spoiled the Salon,1970 E. Joyce Blvd. suite 3,,Fayetteville,AR,72703,479-966-6227,Agelessglowbywendy@gmail.com,http://www.agelessglownwa.com/,36.120487,-94.132589,SkinscriptrxscraperItem
Beautiful Skin Franklin,117 5th Ave North,Suite B,Franklin,TN,37064,615-485-8900,carmen@beautifulskinfranklin.com,http://beautifulskinfranklin.skincaretherapy.net/,35.9244147,-86.8722287,SkinscriptrxscraperItem
Adoro Massage and Day Spa,"1175 Rock Springs Rd, Suite 100",,Smyrna,TN,37167,615-462-5378,adoro@adoromassage.com,http://www.adoromassage.com/,35.9814278,-86.5494442,SkinscriptrxscraperItem
Uptown Skin,141 Uptown Square,,Murfreesboro,Tennesse,37129,615-830-1496,uptownskin@aol.com,http://uptown.skincaretherapy.net/,35.875289,-86.38385,SkinscriptrxscraperItem
Archangel Esthetics,661 S Mt. Juliet Rd,Studio 37,Mt. Juliet,TN,37122,(615) 636-9460,,,36.1612478,-86.5152853,SkinscriptrxscraperItem
Simply Skin by Tiffany,99 Birchwood Lane,,Crossville,TN,38555,931-248-4803,beautifulskinbytiffany@yahoo.com,http://www.simplyskinbytiffany.com/,35.9576214,-85.0390054,SkinscriptrxscraperItem
White Dalia Wellness Center,"8351 Standonshire Way, Suite",Suite 109,Raleigh,NC,27615,919.845.5525,,http://www.whitedahlia.com/,35.9015163,-78.6797434,SkinscriptrxscraperItem
Family Wellness Clinic,8020 Creedmoor Rd,,Raleigh,NC,27613, (919) 322-2844 ,,http://www.claytonclinic.com/,35.8969874,-78.6800696,SkinscriptrxscraperItem
Carmel Face and Body Jeanne Cowan,3785 Via Nona Marie Ste. 207,,Carmel,CA,93923,831- 625-0200,,http://www.carmelfaceandbody.com,36.538977,-121.906616,SkinscriptrxscraperItem
Skin by Kat,2100 Curtner Ave,,San Jose,CA,95124,408-691-4307,kvoci@sbcglobal.net,,37.272304,-121.9342988,SkinscriptrxscraperItem
CA Lash &#038; Esthetics,621 E.Campbell Avenue  #18,,Campbell,CA,95008,(408) 398.3739,ca@lashandesti.com,,37.2874873,-121.9390512,SkinscriptrxscraperItem
Facial Retreat,16195 Monterey Road,Suite 106,Morgan Hill,CA,95037,(408) 782-2135   ,pamela113@verizon.net,http://www.facialretreat.com/,37.1154709,-121.6444326,SkinscriptrxscraperItem
R &#038; R Massage Studio / Erin Cahill,767 First Street,Suite 201B,Gilroy,CA,95020,408-701-7734,,http://r-n-rmassagestudio.abmp.com/,37.0143883,-121.5844594,SkinscriptrxscraperItem
Skin Care by Taka,1000 Fremont Ave #228,,Los Altos,CA,94024,650-559-1810,info@skincarebytaka.com,http://www.skincarebytaka.com,37.351909,-122.085826,SkinscriptrxscraperItem
Eclips Hair Studio,5133 S Campbell Ave,,Springfield,MO,65810,417-232-0717,,,37.1215338,-93.2966444,SkinscriptrxscraperItem
Elite Skincare/DBA The Wax Ninja,3165 S Campbell Ave,,Springfield,MO,65807,(417) 414-2805,Elite_skincare@outlook.com,http://www.thewaxninja.com/,37.1568013,-93.296131,SkinscriptrxscraperItem
"Laura Henson, Esthetician &#038; LMT",,,Benton,KY ,42025,270-703-6541,,http://LauraHensonEstheticianLMT.com,36.8572781,-88.350315,SkinscriptrxscraperItem
Therapeutic Skin Treatment,739 Thimble Shoals Blvd,Suite 1011-C,Newport News,VA,23606,804-384-7160,ralphannf@aol.com,http://hamptonroads.skincaretherapy.net,37.0826912,-76.4653169,SkinscriptrxscraperItem
NB Beauty,405 North San Mateo Dr.,,San Mateo,CA,94401,650-393-5634,,http://www.mynbbeauty.com/,37.572102,-122.332886,SkinscriptrxscraperItem
The Skin Care Studio | Suzie Mariano,"4060 S El Camino Real, Studio 27",,San Mateo,CA,94403,(650) 315-3534,suziestudio@skincaretherapy.net,http://www.suziestudio.skincaretherapy.net,37.5312219,-122.2915555,SkinscriptrxscraperItem
Savvy Skin By Kim,1051 Laurel St. ,,San Carlos,CA,94070,650-868-8764,kim@savvy-skincare.com ,http://savvy-skincare.com/index.html,37.5006835,-122.2539938,SkinscriptrxscraperItem
Dermabella Day Spa &#038; Salon,"2115 Broadway St, Studio 19",,Redwood City,California,94063,650-361-1717,info@dermabella.com,http://www.dermabella.com,37.4861472,-122.2286868,SkinscriptrxscraperItem
The Castro Day Spa,4105 19th St,,San Francisco,CA,94114,415-487-9666,,http://www.castrodayspa.com/,37.7591547,-122.435026,SkinscriptrxscraperItem
Sonya Awwad Luxe Beauty,915 Cole St,,San Francisco,CA,94117,415-695-4098,sonya@sonyaawwadluxebeauty.com,http://www.sonyaawwadluxebeauty.com/,37.7654699,-122.4502548,SkinscriptrxscraperItem
Sustainably You,3150 18th Street ,Suite 256,San Francisco,California,94110,415-407-1296,,http://www.sustainably-you.com/,37.7622228,-122.4142232,SkinscriptrxscraperItem
EZ Brow &#038; Beauty,1820 Fillmore st,,San Francisco,CA,94115,(415) 849-6080,ezbrowbeauty@gmail.com,http://www.ezbrowbeauty.com/,37.7862917,-122.4333142,SkinscriptrxscraperItem
Lucent Skincare,564 Market Street #307,#307,San Francisco,CA,94104,(415) 722-9374,lucentskincare307@gmail.com,http://www.lucentskincare.com/,37.7897319,-122.4010798,SkinscriptrxscraperItem
WAX by Courtney Guadamuz,"1136 Ballena Blvd, Suite B",,Alameda,CA,94501,510-872-0368,courtneyguadamuz88@gmail.com,http://www.waxbycocoguadamuz.com/,37.7662789,-122.2877726,SkinscriptrxscraperItem
Face Value Skin Care Studio,2500 Hospital Drive Bldg #1,,Mountain View,CA,94040,408-838-7804,,http://www.facevalueskincare.skincaretherapy.net,37.3683095,-122.0822061,SkinscriptrxscraperItem
One Step Away Day Spa,,,,CA,94560,(510) 936-1772,onestepawaydayspa@comcast.net ,http://www.onestepawayspa.com/,37.5189256,-122.026918,SkinscriptrxscraperItem
Freemont Day Spa/Mariza Cardema,39374 Fremont Blvd.,,Fremont,CA,94538,510-790-3288,ladym318@comcast.net,http://fremontdayspa.com/,37.5462727,-121.9829668,SkinscriptrxscraperItem
Esthetics By Barbara,1040 Geer Road,,Turlock,CA,95301,209.777.6818,EstheticsByBarbara@yahoo.com,http://www.estheticsbybarbara.skincaretherapy.net/ ,37.5030083,-120.8487843,SkinscriptrxscraperItem
Advanced Aesthetics Skin Care,154 North Main Street,,Manteca,CA,95336,209-815-5850,,http://www.advancedaesthetics.net/default.html,37.7983345,-121.2165045,SkinscriptrxscraperItem
Renui Spa,1773 San Pablo Ave. Suite 2B,,Pinole,California,94564,510-717-4239,info@renuispa.com,http://www.renuispa.com/,38.0038248,-122.2962665,SkinscriptrxscraperItem
Face Value,901 Key Route Blvd,,Albany,CA,94706,510 841-7546,,,37.8905923,-122.2928374,SkinscriptrxscraperItem
Shimmer Mini Skin Spa,896 The Alameda,,Berkeley,CA,94707,(510) 868-4245,shimmermore@gmail.com,http://www.shimmerminiskinspa.com/,37.8917121,-122.2773444,SkinscriptrxscraperItem
The Beauty Boutique,1000 Marin St. suite 1006,,Vallejo,CA,94590,(510) 703 2083,beautificationbytianna@gmail.com ,https://www.vagaro.com/beautificationbytianna,38.105293,-122.256301,SkinscriptrxscraperItem
Tranquility Skincare by Kelli,1337 Oliver Rd.,,Fairfield,CA,94534,(707) 628-1995,tranquilityskincarebykelli@gmail.com,https://www.facebook.com/tranquilityskincarebykelli,38.25655,-122.0682219,SkinscriptrxscraperItem
Kari Roesler: All About Skin,2441 S. Stockton St.,Suite 4,Lodi,CA,95240,(209) 327-3959,mailto:Skincare.kari@yahoo.com,http://www.aboutskin.skincaretherapy.net/,38.1032432,-121.2697017,SkinscriptrxscraperItem
Heavenly Esthetics,215 West Oak Street,#4,Lodi,California,95240,209-747-0412,heavenlyesthy@aol.com,http://www.heavenlyesthetics.com,38.1332067,-121.2759469,SkinscriptrxscraperItem
Massage and Skincare by Natalie,4 Jean Street,,Valley Springs,CA,95252,209-351-3500 or 209-772-7822,,,38.1900603,-120.8269656,SkinscriptrxscraperItem
Alternative Touch Therapeutic Center and Day Spa,111 West Evans Ave.,,Pueblo,CO,81004,719-543-3031 ,jennarhull@gmail.com,http://www.alternativetouchllc.com/,38.259302,-104.622617,SkinscriptrxscraperItem
Lady&#8217;s Love Spa,"332 W Broadway, Suite 207",,Louisville,KY,40202,502-643-3700,ladyslove1359@gmail.com,http://www.ladyslovespa.com/,38.2457868,-85.7580405,SkinscriptrxscraperItem
Serenity Spa,11614 Main Street,,Middletown,KY,40243,502-245-6484,serenityspainfo@gmail.com,http://louisvilledayspa.com/,38.2449033,-85.5404661,SkinscriptrxscraperItem
Skin Studio by Megan,501 Darby Creek Rd Suite 49,inside The Design Team Salon,Lexington,KY,40509,(859) 619-2155,skinstudiobymegan@gmail,http://www.skinstudiobymegan.com,38.0079063,-84.433244,SkinscriptrxscraperItem
Blue Ridge School of Esthetics,"540 Lew Dewitt Blvd, Suite 2",,Waynesboro,VA,22980,540-476-2030,,http://www.bresthetics.com/index.html,38.073122,-78.934249,SkinscriptrxscraperItem
Fountain of You Skin Care,2217 Princess Anne St.,Suite 105,Fredericksburg,VA,22405,(540) 585-1490,vicki@fountainofyoufred.com,http://www.fountainofyoufred.com/,38.3144982,-77.4689718,SkinscriptrxscraperItem
Bella Moda Hair Studio &#038; Spa,131 North Main Street,,Cloverdale,CA,95425,(707) 894-5546,Ibarra.amanda2727@gmail.com,http://www.bellamodahairstudio.com,38.8065969,-123.0167241,SkinscriptrxscraperItem
Soulmate Skin,707 Dead Cat Alley,Suite 201,Woodland,CA,95695,(530) 867-9161,soulmateskin@yahoo.com,http://www.soulmateskin.com/,38.678198,-121.771659,SkinscriptrxscraperItem
Skin Pro Sac,5120 J. St.,Suite B,Sacramento,CA,95819,(916) 761-1001,skinprosac@gmail.com,http://www.skinprosac.com,38.5660483,-121.4413667,SkinscriptrxscraperItem
Paris Esthetics/Tasha Robinson,9717 Elk Grove Florin Rd.,Ste. E,Elk Grove,CA,95624,(916) 905-3156,,https://www.facebook.com/ParisEsthetics,38.405023,-121.370874,SkinscriptrxscraperItem
Simply Beautiful Skin Studio,501 Natoma Street,Suite 6,Folsom,CA,95630,916-467-9004,sbskinstudio@gmail.com,http://www.sbskinstudio.com/,38.6766122,-121.1715415,SkinscriptrxscraperItem
Head to Toe Studio,"1671 S. Old Hwy 141, Suite C",,Fenton,MO,63026,(636) 600-0021,,http://www.headtotoestudio.net,38.4797343,-90.4402621,SkinscriptrxscraperItem
Medical Aesthetics Rx,39 Old Orchard,,Webster Groves,MO,63119,314-541-5646,nettie@medicalaestheticsrx.com,http://www.medicalaestheticsrx.com/Contact-Us.html,38.5900033,-90.3389186,SkinscriptrxscraperItem
The Body Connection Spa | Tracy Borgard,2503 Lebanon Ave,,Shiloh,IL,62221,618-234-3321,,http://thebodyconnectionsalonspa.com/,38.543481,-89.940589,SkinscriptrxscraperItem
Radiant Skin Therapy,714 1/2 Lee St,Suite #210,Charleston,WV,24301,(304) 542-6608,fabulousitymakeup@gmail.com,http://www.fresh.skincaretherapy.net/,38.3515084,-81.6334318,SkinscriptrxscraperItem
Rejuvalase MedSpa DaySpa Salon,2785 Jefferson Davis Hwy,,Stafford,Virginia,22554,540-720-8881,info@rejuvalase.com,http://www.rejuvalase.com,38.45756,-77.4067,SkinscriptrxscraperItem
"Skintuition, LLC","9720 Capital Ct, Suite 301A",,Manassas,VA,20110,703-864-7939,,http://www.radiantskinfromwithin.com/,38.738791,-77.521053,SkinscriptrxscraperItem
Sergina Skincare @ Barefoot Wellness,445 Main St,,Prince Frederick,MD,20678,443-968-2960 , info@barefootwellness.org,http://www.barefootwellness.org/Welcome.html,38.536924,-76.582442,SkinscriptrxscraperItem
Spa at Harbour Inn,101 N. Harbor Rd.,,St. Michaels,MD,21663,410-745-0646,spa@harbourinn.com,http://harbourinn.com/spa/,38.785309,-76.219534,SkinscriptrxscraperItem
Kissed by the Sun Spa,39 East Dover St,,Easton,MD,21601,,info@kissedbythesunspa.com,http://kissedbythesun.skincaretherapy.net/,38.7743063,-76.0749772,SkinscriptrxscraperItem
Polished Salon &#038; Spa,1002 Live Oak Blvd ,,Yuba City,CA,95991,530-415-9099,iseladlt@gmail.com,,39.143456,-121.621198,SkinscriptrxscraperItem
Cerulean,(inside M studio),774 Mays Blvd Ste 14 ,Incline VIllage,NV,89451,530-448-9391,liza@ceruleanskincare.com,http://www.ceruleanskincare.com/,39.247825,-119.963289,SkinscriptrxscraperItem
Innovations Salon &#038; Day Spa,"2470 Patterson Rd, Unit 11",,Grand Junction,CO,81505,970-241-5266,innovationssalongj@yahoo.com,http://innovationssalongj.com/,39.0923131,-108.5954587,SkinscriptrxscraperItem
Heaven on Earth,205 S Mill St ,,Aspen,CO,81611,970-925-2278,heavenonearthaspen@gmail.com,http://www.heavenonearthaspen.com,39.189738,-106.8198081,SkinscriptrxscraperItem
Fierce Beauty,493 Windchime Place,(located inside Your Salon),Colorado Springs,CO,80919,(719) 892-SKIN (7546),mimi@faceandskincoloradosprings.com,http://faceandskincoloradosprings.com/,38.9306101,-104.8179692,SkinscriptrxscraperItem
"Kathryn Craig, LE",9926 College Blvd.,,Overland Park,KS,66210,(913) 636-7138,KTcraig07@gmail.com,https://squareup.com/appointments/book/WUSH8w/kathryn-craig-le,38.9282946,-94.6981895,SkinscriptrxscraperItem
Simply Skin Studio,9926 College Blvd. Suite 1,,Overland Park,KS,66213,(913) 258-3583,simplyskinstudio@gmail.com,http://simplyskinstudio.com,38.9282946,-94.6981895,SkinscriptrxscraperItem
Spatique Skin Care,15145 Metcalf Avenue,,Overland Park,KS,66223,(913) 685-4866,,http://spatiqueskincare.com/,38.853825,-94.6674309,SkinscriptrxscraperItem
Stacey Denny Skin Care,3751 Eastern Ave,,Cincinnati,OH,45230,(513) 206-3096,staceydennyskincare@gmail.com,http://www.staceydennyskincare.com,39.111591,-84.436156,SkinscriptrxscraperItem
Pure Moments Spa,"2812 Mack Rd, Suite B",,Fairfield,OH,45014,513-376-3213,puremomentsspa@gmail.com,http://www.puremomentsspa.com/,39.311197,-84.526462,SkinscriptrxscraperItem
"E SKIN Forté, LLC | Emilie Duke, LME",44927 George Washington Blvd. Suite 250,University Commerce Center,Ashburn,VA,20147,(571) 420-0035,Skinfortellc@gmail.com,http://www.skinfortellc.com/,39.0580569,-77.4461566,SkinscriptrxscraperItem
Massage Green Fairfax,3950 University Dr. Ste. 105,,Fairfax,VA,22030,(793) 659-8330,massagegreenffx@gmail.com,http://massagegreenspa.com/,38.8477055,-77.3050766,SkinscriptrxscraperItem
TuSuva Body &#038; Skin Care,2701 Ontario Road NW,,Washington DC,DC,20009,202-299-9005 ,tusuvaspa@hotmail.com,http://www.tusuva.com/index.html,38.924683,-77.0402417,SkinscriptrxscraperItem
"Sapphire Esthique, LLC",3565 C2 Ellicott Mills Drive ,Suite 203,Ellicott City,MD,21043,(443) 707-5963,sapphireesthiquellc@gmail.com,http://www.sapphireesthique.com,39.2731392,-76.8038477,SkinscriptrxscraperItem
"Shine, LLC &#8211; Beauty &#038; Wellness Studio",8894 Fort Smallwood Rd,Suite 15,Pasadena,MD,21122,(443) 695-5879,,,39.1330599,-76.5181807,SkinscriptrxscraperItem
Charm City Skin,3602 Elm Avenue ,,Baltimore,MD,21211,410-366-7546,charmcityskin@gmail.com,http://www.charmcityskin.com/,39.331324,-76.631527,SkinscriptrxscraperItem
Divine Images Salon &#038; Day Spa,719 E 11th St,In The Historic Flanders Hotel,Ocean City,NJ,8226,609-399-5000,bridal@divineimagessalon.com,http://www.divineimagessalon.com/,39.2744348,-74.5758472,SkinscriptrxscraperItem
A Bella Salon &#038; Spa,601 East 9th Street,,Ocean City,NJ,8226,609-399-6999,abellasalon@verizon.net,http://www.abellasalon.com,39.277609,-74.574604,SkinscriptrxscraperItem
The Skin Care Studio,"1324 Mangrove Ave, Suite 215",,Chico,CA,95926,530-826-4609,Judi@SkinCareChico.com,http://www.skincarechico.com/,39.743984,-121.8392032,SkinscriptrxscraperItem
True Skin,11890 Donner Pass Rd.,Suite 5,Truckee,CA,96161,(530) 412-0837,Micha_elle@yahoo.com,www.trueskinspa.com,39.3260514,-120.2188018,SkinscriptrxscraperItem
"Inner Glow Skin Care, LLC","26689 Pleasant Park Rd, Building A",Suite 230,Conifer,CO,80433,(720) 343-9582,innerglowskincare@gmail.com,http://www.myinnerglowskincare.com/,39.5196573,-105.3042361,SkinscriptrxscraperItem
Beautiful Complexions Skincare Studio,3247 Golden Gate Canyon Rd.,,Black Hawk,CO,80244,303-385-7919,bcss@skincaretherapy.net,http://bcsstudio.fullslate.com/,39.839531,-105.4463345,SkinscriptrxscraperItem
Massage Green Spa &#8211; Highlands Ranch,9579 S. University Blvd.,Suite 270,Highland Ranch,CO,80126,(303) 800-6830,,http://www.massagegreenspa.com/#!highlands-ranch-colorado/c1611,39.5418589,-104.939807,SkinscriptrxscraperItem
i {heart} skin,5451 W 32nd Ave.,,Wheat Ridge,CO,80212,303-957-6334,iheartskindenver@gmail.com,http://www.iheartskindenver.com/,39.7623295,-105.0564937,SkinscriptrxscraperItem
Clear. Spa,18129 Oak Ridge Drive,Suite A,Hagerstown,MD,21742,301-800-9500,,http://www.clearspa4u.com/,39.612864,-77.744275,SkinscriptrxscraperItem
PRESH skin,700 Frederick St,,Hagerstown,MD,21740,240-520-8731,myestheticianmandie@gmail.com,http://www.preshskin.weebly.com,39.6284125,-77.7154123,SkinscriptrxscraperItem
LaBella Medispa,1304 South Main St,,Mt Airy,MD,21771,(301) 829-1800,,http://www.labellamedispa.com/,39.3679623,-77.1650862,SkinscriptrxscraperItem
Holistic Solutions,"22 W Pennsylvania Ave, Suite 400",,Towson,MD,21204,443-797-5862,,http://www.holisticsolutions.skincaretherapy.net/,39.4008377,-76.6039131,SkinscriptrxscraperItem
Salon 8736,8736 Belair Rd,,Nottingham,MD,21236,410.248.9220,,http://salon8736.com/esthetician-services/,39.3935655,-76.4878994,SkinscriptrxscraperItem
The Boulevard Salon &#038; Spa,11550 Philadelphia Road,Suite 104,White Marsh,MD,211262,(410 870-2258,theblvd104@gmail.com,,39.4070533,-76.4141179,SkinscriptrxscraperItem
Skin Solutions by Wendi,3023 McDaniel Lane,,Newark,DE,19702,(302) 312-1569,,http://www.skinsolutionsbywendi.com,39.5854298,-75.7715717,SkinscriptrxscraperItem
Pure Dermal Care,13235 W 86th Dr,,Arvada,CO,80005,303-601-3456,,http://Puredermalcare.com,39.852376,-105.148185,SkinscriptrxscraperItem
Sign of the Tymes Salon,2881 E. 56th St,,Indianapolis,IN,46220,(317) 251=0792,,http://www.signofthetymessalon.com/about/,39.854675,-86.116076,SkinscriptrxscraperItem
MoCee Day Spa,13170 Harrell Pkwy,Suite 200,Noblesville,IN,46060,317-993-5959,,http://www.moceespa.com/,39.9930033,-85.9310882,SkinscriptrxscraperItem
Heads Turn Salon,265 Lincoln Circle,,Gahanna,OH,43230,(614) 476-8876,,http://www.headsturngahanna.com/,40.017991,-82.872385,SkinscriptrxscraperItem
Luxe Skin Aesthetics,1378 N Hamilton Rd Suite 43,,Columbus,OH,43230,614-795-8308,luxeskinaesthetics@gmail.com,http://www.luxeskinaesthetics.com/,40.0538068,-82.8636772,SkinscriptrxscraperItem
HiBrou,3202 Washington Rd.,,McMurray,PA,15317,(724) 260-0325,hibrouspa@gmail.com,,40.2905769,-80.1091352,SkinscriptrxscraperItem
Fountain Springs Wellness Spa,221 B Main Street,,Parkesburg,PA,19365,610-466-5141,fswspa@gmail.com,http://www.fswspa.com,39.9614197,-75.9169657,SkinscriptrxscraperItem
The Massage Studio,583 Shoemaker Rd.,,King of Prussia,PA,19406,610-354-0138,,http://www.massagestudiokop.com/,40.07981,-75.3582935,SkinscriptrxscraperItem
Simply Skin By Jeannine,123 West Germantown Pike,Suite 5,East Norriton,PA,19401,(610) 220-0429,jeanninemodica@gmail.com,http://jeanninemodica.com/,40.1459996,-75.3208233,SkinscriptrxscraperItem
Andre Aesthetiques at Lisa Michaels Salon,77 Ellis St,, Haddonfield,NJ,8033, 856-795-9115 / 856-571-1792,Andre.Aesthetiques@gmail.com,,39.8967174,-75.0290403,SkinscriptrxscraperItem
Donna Skin Care,10012 Sandmeyer Ln,,Philadelphia,PA,19116,215-969-2526,donna.skin@gmail.com,http://www.donna-skincare.com,40.108308,-75.036147,SkinscriptrxscraperItem
TN Skincare Studio,21 West Main Street ,,Freehold,NJ,7728,732-276-9577 ,,http://www.tnskincarestudio.com,40.2602,-74.275807,SkinscriptrxscraperItem
Gentle Healing Wellness,1274 S. River Rd,,Cranbury,NJ,8512,(609) 409-2700,info@gentlehealingspa.com,Gentle Healing Wellness Spa,40.3186733,-74.5065954,SkinscriptrxscraperItem
Angela Grimaldo &#8211; Like Nobody Else Day Spa,424 Main St,,Ferndale,CA,95536,707-786-9030 or 707-845-6054,,,40.576532,-124.264983,SkinscriptrxscraperItem
Infusion Skin Spa | Tina Elkins,1322 Court Street,,Redding,CA,96001,(530) 244-3223,,http://www.infusionskinspa.com,40.5848191,-122.3966439,SkinscriptrxscraperItem
Art of Skin Care,"1135 Pine St., Suite 104",,Redding,CA,96001,530-241-4400,,http://www.artofskincare.com/,40.5875793,-122.3915411,SkinscriptrxscraperItem
Massage Green Spa &#8211; Sandy,90 W. 11400 S,,Sandy,UT,84070,(801) 810-1999,,http://www.massagegreenspa.com/#!sandy-utah/c21uv,40.5444138,-111.8919181,SkinscriptrxscraperItem
Unique Skin Studio,"10011 S. Centennial Parkway, Suite #350",,Sandy,UT,84070,801-205-1704 ,uniqueskinstudio@gmail.com,http://www.utah.skincaretherapy.net/,40.5692157,-111.8944224,SkinscriptrxscraperItem
Treatments by Tabatha J,,,Peoria,IL,61603,309-712-8225,tabathaj@comcast.net,http://www.treatmentsbytabathaj.skincaretherapy.net,40.7100017,-89.5733416,SkinscriptrxscraperItem
"Ever-Young Esthetics, LLC.",Debra Fairchild,"4884 Higbee Ave. NW, Ste 110",Canton,OH,44718,(330) 284-0933,everyoung.df@gmail.com,http://www.ever-young.skincaretherapy.net/,40.8540649,-81.460856,SkinscriptrxscraperItem
Felicite Day Spa,5827 Steubenville Pike,,Robinson Twp,PA,15136,(412) 788-4772,,http://felicitedayspa.com/,40.4504732,-80.1388555,SkinscriptrxscraperItem
Aqua Salon and Spa,814 Route 764,,Duncansville,PA,16635,814-696-7820,,http://www.aquaduncansville.com/,40.4335731,-78.4371844,SkinscriptrxscraperItem
Hair DeZigns Salon and Spa,214 West Hamilton Avenue ,,State College,PA,16801,814-234-4313,beauty@hairdezigns.com,http://www.hairdezigns.com/,40.7873907,-77.8559794,SkinscriptrxscraperItem
Images Salon,8 Maple Ave.,,Sellersville,PA,18960,(215) 257-4664,imagessalonspa@verizon.net,http://www.imagessalonandspasellersville.com/,40.3592152,-75.3108205,SkinscriptrxscraperItem
Evolution The Green Room Salon,442 Atlantic Ave ,,Brooklyn,NY,11217,718-222-2977,Ramglamskincare@skintherapy.net,http://evolutiongreenroom.com/,40.6862368,-73.9836832,SkinscriptrxscraperItem
Broadway Rejuvenation Center,"1501 Broadway, Suite 900",,,NY,10036,(212) 840-5803,,,40.757122,-73.9865613,SkinscriptrxscraperItem
Susan&#8217;s Skin and Brow Studio,20 Unqua Road,,Massapequa,NY,11758,(631) 397-0043,,http://susanpaladino.skincaretherapy.net/,40.6668785,-73.439566,SkinscriptrxscraperItem
Skin Essentials by Veronica at Primp Salon and Spa,5394 Merrick Rd.,,Massapequa,NY,11758,516-319-3059 or 516-799-7199,skinessentialsbyveronica@gmail.com,,40.667741,-73.4376769,SkinscriptrxscraperItem
The Goddess Within,5394 Merrick Rd,,Massapequa,NY,11758,516-799-7199 or 516-712-7662,,,40.667741,-73.4376769,SkinscriptrxscraperItem
Pure Envy Aesthetics,20 Montauk Hwy,,Blue Point,NY,11715,631-255-0095,envy@skincaretherapy.net,http://www.pureenvy.skincaretherapy.net/,40.751441,-73.040691,SkinscriptrxscraperItem
The Wax &#038; Skin Studio (Inside Victor Victoria Salon &#038; Spa),1105 Howard St.,,Omaha,NE,68108,(402) 981-8715,thewaxandskinstudio@gmail.com,,41.2551337,-95.9309503,SkinscriptrxscraperItem
Simone Brown Esthetics at Avalon 2,"10875 W Dodge Rd., Suite 36",,Omaha,NE,68154,402-290-6037,,http://www.simonebrownesthetics.com/,41.2615505,-96.084337,SkinscriptrxscraperItem
The Vintage Mirror at Avalon Suites 2,10875 West Dodge Road,Suite 29,Omaha,NE,68154,402-709-3524,myvintagemirror@gmail.com,,41.2615505,-96.0843371,SkinscriptrxscraperItem
Vital Living WellSpa,5111 North Bend Dr,,Fort Wayne,IN,46804,260-436-8807,janet@VLmassage.com,http://www.vlmassage.com/,41.063344,-85.208651,SkinscriptrxscraperItem
A Day Away Salon and Spa,487 E. Dupont Road.,,Fort Wayne,IN,46825,(260) 637-6757,feliciaphomsoupha@yahoo.com ,http://adayawaysalonandspa.com/,41.1795531,-85.1360795,SkinscriptrxscraperItem
Luna Belle Aesthetics,10 Main St.,,Hastings on Hudson,NY,10706,(914) 588-1931,lunabelleny@gmail.com,http://www.lunabelleny.com/,40.9941381,-73.8820098,SkinscriptrxscraperItem
Bams Beauty Skin Care Studio,151 Montgomery Ave,Suite A,Scarsdale,NY,10583,(914) 722-6770,,http://www.bamsbeauty.com,40.978417,-73.804655,SkinscriptrxscraperItem
"Healing Touch, Francine&#8217;s Skin Care",470 Main St.  ,,Armonk,NY,10504,(914)707-0086,fran6516@aol.com,http://www.healing-touch.skincaretherapy.net/,41.1285028,-73.7133293,SkinscriptrxscraperItem
ReJuvenna Spa,555 Hallock Avenue,,Port Jefferson Station,NY,11776,(631) 834-5626,kenneth@rejuvenna.com,http://www.rejuvenna.com/,40.932792,-73.0459825,SkinscriptrxscraperItem
Massage Savvy,2470 Boston Post Road,,Guilford,CT,6437,203-453-8667,info@massagesavvyct.com,http://massagesavvyct.com/,41.308221,-72.724441,SkinscriptrxscraperItem
Jill Michele Skin Care Center,#11 Wolfer Industrial Park,,Spring Valley,IL,61362,815-252-0265,jimicheleti@gmail.com,,41.337786,-89.2189102,SkinscriptrxscraperItem
All About Beauty &#038; Wellness,3420 Lacrosse,"Suite 100, Unit 3",Naperville,IL,60564,(630) 864-1600,aabeauty911@gmail.com,http://www.aaBeautySpa.com,41.7035232,-88.2037118,SkinscriptrxscraperItem
"Imagine Peace Hair, Skin and Nail Studio",235 W. Main Street ,,Glenwood,IL,60425,708-757-7777 ,,http://www.imaginepeacestudio.com/,41.5466002,-87.6180827,SkinscriptrxscraperItem
Skin Deep Beauty by Cyndi,43 E. Jefferson St.,Jefferson Hill Building,Naperville,IL,60540,(630) 452-9002,clstache@hotmail.com,http://www.skindeepfacial.com/,41.7732212,-88.146175,SkinscriptrxscraperItem
"T-N-T Artistry, Inc.","2136 W 95th St, Suite 201",,Chicago,IL,60643,,Bookings@tnt-artistry.com,http://tnt-artistry.com/,41.721286,-87.676345,SkinscriptrxscraperItem
Songbird Prarie Inn and Spa,174 North County Road 600 W,,Valparaiso,IN,46385,(219) 759-4274,Barbara@songbirdprairie.com,http://www.songbirdprairie.com/,41.460241,-87.184319,SkinscriptrxscraperItem
Skin Deep Aesthetics,2707 Toledo Rd.,,Elkhart,IN,46516,(574) 293-8123,,http://www.skindeepmakeupdesigns.com/,41.6775217,-85.9267172,SkinscriptrxscraperItem
Muscle &#038; DermaTherapy Center,116 S. Fourth St,,Sturgis,MI,49091,269-659-2699,c_yunker@yahoo.com,http://www.muscle-dermatherapycenter.com/,41.7993843,-85.4149387,SkinscriptrxscraperItem
Lava Massage and Skin Care,8035 Broadview Rd,,Broadview Heights,OH,44147,440-746-0322,,http://www.lavamassageandskincare.com/,41.34725,-81.683924,SkinscriptrxscraperItem
Head to Toe Salon &#038; Spa,1 Kim Avenue,Suite 2,Tunkhannock,PA,18657,570-996-5004,headtotoe@gmail.com,http://www.headtotoesalonandspa.com/,41.579999,-75.970304,SkinscriptrxscraperItem
Blush Beauty Bar &#038; Spa,2064 New Hackensack Rd,Suite #5,Poughkeepsie,NY,12603,(845) 462-0122,blush@blushbeautybarspa.com,http://www.blushbeautybarspa.com/,41.655906,-73.874186,SkinscriptrxscraperItem
Jem Aesthetics,2162 Silas Deane Hwy,,Rocky Hills,CT,6067,(860) 992-6178,,https://www.facebook.com/Wendy-McGuire-of-JEM-Aesthetics-951199171597186/,41.66929,-72.641803,SkinscriptrxscraperItem
Faces by Sienna &#038; Co,"75 Sockanosset Cross Rd, Suite 110",,Cranston,RI,2920,401-263-1709,facesbysienna@gmail.com,http://www.facesbysienna.net/,41.75418,-71.454151,SkinscriptrxscraperItem
The Body Mechanist,3229 Cranberry Hwy   #4,,Buzzards Bay,MA,2532,508-273-2233,info@thebodymechanist.com,http://www.thebodymechanist.com/,41.7479216,-70.6248917,SkinscriptrxscraperItem
Studio Skin &#038; Body | Cheryl Curry,218 W. Main St.,,Freeport,IL,61032,(815) 291-0959,,,42.2966165,-89.6219973,SkinscriptrxscraperItem
GLOW SKIN and BODY by Gretchen,40W310 LaFox Rd.,, St. Charles,IL,60174,(630) 404-2600,gretchen0203@gmail.com,http://www.glowbygretchen.com/,41.9356063,-88.4006984,SkinscriptrxscraperItem
Salon Agape / Judi Kopacz,111 W. Main St.,,St. Charles,IL,60174,630-587-0602,salonagape111@gmail.com,http://www.salonagape.net/,41.9132536,-88.3148143,SkinscriptrxscraperItem
Edwina Jayne Skincare,"1434 E Main St, Suite A",,St. Charles,IL,60174,847-209-7247,edwina@ejskincare.com,http://ejskincare.com/,41.91812,-88.298764,SkinscriptrxscraperItem
Lilly Face Premium Skincare,821 S. Prospect Ave.,,Park Ridge,IL,60068,(855) 545-7546,lillian@lillyface.com,http://www.lillyface.com,42.0008869,-87.8324598,SkinscriptrxscraperItem
Bella Faccia Skin Wellness Studio,6130 N. Northwest Hwy,,Chicago,IL,60631,773-206-2320,Bellafacciaskin@yahoo.com,,41.9926844,-87.8001782,SkinscriptrxscraperItem
"Kelly, Inc. | Electrolysis and Spa","715 Lake Street, Suite 300",,Oak Park,IL,60301,(708) 386-4663,CareyStephanie@rocketmail.com,http://www.izapem.com/,41.8883896,-87.7934857,SkinscriptrxscraperItem
Esthetics by Eme,5138 N Clark St.,[Second Floor],Chicago,IL,60640,(773) 679-9376,haranthem@yahoo.com,,41.9755357,-87.6685518,SkinscriptrxscraperItem
Candy Wax &#038; Skincare Studio,3355 N Lincoln Ave #15,,Chicago,IL,60657,(773) 394-9024,candywaxandskincare@gmail.com,http://http://www.candywaxandskincare.com/,41.9431299,-87.6707557,SkinscriptrxscraperItem
Sphynx Spa Suite,233 E. ERIE ST. ,,Chicago,IL,60611,(773) 441 -1312 ,,http://www.sphynxspasuite.com/,41.8939712,-87.6215093,SkinscriptrxscraperItem
Robin Lemon Skin Therapy,70 N. Roessler,,Monroe,MI,48162,(734) 344-5085,,http://www.healthyskinwellness.com,41.9220063,-83.4082006,SkinscriptrxscraperItem
Hope and Wellness/Sara Heumann,"39 Nott Highway, Suite 1",,Ashford,CT,6278,860-477-0994,heumannsara@gmail.com,http://www.hopeandwellnessonline.com,41.8577868,-72.1804304,SkinscriptrxscraperItem
"NKD Waxing, Lashes &#038; Makeup",1 Kelley Street,,Worcester,MA,1610,508-757-1000 ,kristielee@nkdworcester.com,http://www.nkdworcester.com/,42.2549383,-71.7971772,SkinscriptrxscraperItem
Diorios Hair Salon,335 Plantation St,,Worcester,MA,1604,508-756-7791 ,calexesthetics@gmail.com,www.dioriossalon.com,42.2714307,-71.7703224,SkinscriptrxscraperItem
Skin Care @ Shear Magic,45 Milford Street,,Medway,MA,2053,(508) 533-5448,,http://www.shearmagicandco.com/medway-spa-services.html,42.1445204,-71.4435685,SkinscriptrxscraperItem
Julie Hall Skin Care,440 Plain St,Suite 3,Marshfield,MA,2050,617-875-6668,julie@juliehallskincare.com,http://www.juliehallskincare.com/,42.1044421,-70.7334955,SkinscriptrxscraperItem
Skincare by Stavroula,322 Harvard St,,Brookline,MA,2447,617-264-9997,,http://www.skincarebystavroula.com/,42.3433437,-71.1235632,SkinscriptrxscraperItem
Kristen Parks Holistic Aesthetician and Natural Beauty Therapist,3343 Center Grove Dr.,Suite I,Dubuque,IA,52003,563-513-7802,holisticbeauty@skintherapy.net,http://holisticbeautykristenparks.skincaretherapy.net/,42.491141,-90.7166024,SkinscriptrxscraperItem
Radiant Skin and Body,Joni Gibson- Owner,"833 E. 16th St, Suite 200",Holland,MI,49423,616-594-0296,,http://www.radiantskinandbody.com/,42.7875235,-86.1089301,SkinscriptrxscraperItem
Skinphorea,621 S. Washington Ave.,,Royal Oak,MI,48067,(248) 592-SKIN,info@skinphorea.com,http://www.skinphorea.com,42.4848551,-83.1461078,SkinscriptrxscraperItem
Serenity SkinCare of Grosse Pointe,373 Fisher Rd,(located within David the Salon),Grosse Pointe,MI,48230,313-886-3990,,http://www.serenityskincaregrossepointe.com/,42.3903972,-82.9040338,SkinscriptrxscraperItem
Le Beaute&#8217; Hair Design and More,51026 Washington St.,,New Baltimore,MI,48047,(586) 716-9245,,http://www.lebeaute.us,42.6799717,-82.7351486,SkinscriptrxscraperItem
Inner Balance Day Spa,91 E. 4th St.,,Dunkirk,NY,14063,716-363-0900,jessgeorge23@yahoo.com,http://www.innerbalancedayspa.com,42.4833811,-79.3315277,SkinscriptrxscraperItem
Messenger Digital Dentistry | Messenger Beauty Escape,1111 South State Street,,North Adams,MA,1247,(413) 664-6546,,http://www.reasons2smile.com,42.6707659,-73.1072488,SkinscriptrxscraperItem
Yasou Electrolysis and Skin Care,224 1/2 Federal St,,Greenfield,MA,1301,413-774-7400,yasouelectrolysisandskincare@yahoo.com,https://www.facebook.com/yasouelectrolysisandskincare/,42.597055,-72.597295,SkinscriptrxscraperItem
Youtopia Day Spa,228B Great Road,,Shirley,MA,1464,(978) 425-9130,,http://youtopiaspa.com/,42.5850394,-71.6489779,SkinscriptrxscraperItem
Radiance Skin Care Salon,106 Tyngsboro Rd,Suite 2B,N. Chelmsford,MA,1863,978-251-1200,Radiancechelmsford@gmail.com,http://www.radiancechelmsford.com ,42.6446434,-71.391576,SkinscriptrxscraperItem
Rehab For The Skin,Located within Hairaholics ,238 Central St ,Hudson ,NH,3051,603 718 8837,,http://www.hairaholicsnh.com/spa-services.html,42.7647763,-71.4398074,SkinscriptrxscraperItem
Body Zen Skin Care,2034 Massachusetts Avenue,[Inside Novita Salon],Cambridge,MA,2140,617-999-8368,,http://www.bodyzen.massagetherapy.com,42.3906749,-71.1222643,SkinscriptrxscraperItem
Innovations the Salon &#038; Spa,228 Naticook Rd.,,Merrimack,NH,3054,603-880-7499,info@innovationsnh.com,http://www.innovationsnh.com,42.8070577,-71.5447157,SkinscriptrxscraperItem
Salon Apex,110 Ponemah Road (Rt. 122),,Amherst,NH,3031,(603)673-1921,Jenniferjeanmoore@hotmail.com,http://www.salonapex.com/,42.81822,-71.605369,SkinscriptrxscraperItem
Simple Beauty LLC,110 Ponemah Rd,,Amherst,NH,3031,603-668-4646,jennbernierskincare@gmail.com,,42.820451,-71.605974,SkinscriptrxscraperItem
Bella Visage Skin Studio,5 Elm Street,,Plaistow,NH,3865,(603) 382-1640,,http://www.bellavisageskinstudio.skincaretherapy.net,42.8370191,-71.0943056,SkinscriptrxscraperItem
Body &#038; Skin Rejuvenation,146 N. Clark St,,Forest City,IA,50436,(641) 201-0496,Rejuvenate@myabmp.com ,http://Rejuvenate.abmp.com ,43.2642226,-93.6383492,SkinscriptrxscraperItem
The Skin &#038; Co.,6401 Odana Rd,Ste 5,Madison,WI,53719,(608) 561-2088,kelly@theskinandcompany.com,http://www.theskinandcompany.com,43.0545225,-89.4904865,SkinscriptrxscraperItem
My Esthetician,3001 Village Square Drive,Studio #125,Delafield,WI,53018,(262) 527-5717,cheryl@myesthetician.net ,http://www.myesthetician.net ,43.1025385,-88.364439,SkinscriptrxscraperItem
Colleen Gawin | Blue Moon Wellness Spa,2985 N. Brookfield Rd,Suite 10,Brookfield,WI,53045,262-366-2880,bluemoonwellnessspa@gmail.com,http://www.bluemoonwellnessspa.com/,43.073699,-88.146345,SkinscriptrxscraperItem
The O2 Room,8653 N Port Washington Rd,,Fox Point,WI,53217,262-442-6479,tmsternig@gmail.com,https://www.styleseat.com/v/tracysternig,43.1723427,-87.9123632,SkinscriptrxscraperItem
Skin Maven Day Spa,218 N. Park St.,,Owosso,MI,48867,(989) 627-1018,kathryn@skinmaven.net,http://www.skinmaven.net,42.9990772,-84.1690118,SkinscriptrxscraperItem
Face Fitness Skin Care,6810 Main Street,,Williamsville,NY,14221,716-631-0964,skincare@facefitnessltd.com,http://facefitness.biz/,42.965414,-78.701269,SkinscriptrxscraperItem
Fresh Facials &#038; Feet,1801 Penfield Road,,Penfield,NY,14526,585-704-1125,Littlemisswax@gmail.com,http://www.freshfacialsandfeet.com/,43.1293122,-77.477501,SkinscriptrxscraperItem
"Unique to You | Trish DiLallo, Licensed Esthetician","35 Gaylord St, Suite 2",,Auburn,NY,13021,(315) 567-9948,trishdilallo@skincaretherapy.net,http://www.uniquetoyou.skincaretherapy.net/,42.9317335,-76.5660529,SkinscriptrxscraperItem
Volpe Salon and Day Spa,8050 Brewerton Rd. (Route 11),,Cicero,NY,13039,315-698-3930,volpecicero1@salonbuilder.com,www.volpeofcicero.com,43.1598108,-76.1204681,SkinscriptrxscraperItem
Chelsea&#8217;s Esthetic Boutique,410 E Genesee St,,Fayetteville,NY,13066,(315) 857-4467 ,chelseasestheticbtq@gmail.com,http://www.chelseasestheticboutique.com/,43.0292245,-76.0055851,SkinscriptrxscraperItem
Namaste Skin Solutions by Julian,32 Roosevelt Drive,inside The Styling Gallery Day Spa,Whitesboro,NY,13492,(315) 542-5282,lisajulian0128@gmail.com,,43.123304,-75.294196,SkinscriptrxscraperItem
Nurture Green Salon &#038; Spa,182 south Broadway ,,Saratoga Springs,NY,12866,(518) 587-0584 ,nurturegreensalonandspa@outlook.com,http://www.nurturegreensalonandspa.com/,43.0729406,-73.7875465,SkinscriptrxscraperItem
North Country ENT &#038; Med SPA,2 Mountain Ledge Drive,,Gansevoort,NY,12831,518-409-5588,medspa@northcountryent.com,http://roberthughesmd.com,43.1961848,-73.651784,SkinscriptrxscraperItem
"The Touch of Nobility, A Wellness Studio",40 South River Road,Suite 55,Bedford,NH,3110,603-518-8137,,http://www.thetouchofnobility.com ,42.9616666,-71.4813699,SkinscriptrxscraperItem
Three Clouds on Main,1807 East Main Street,,Cottage Grove,OR,97424,(541) 600-7139,sally@threecloudsonmain.com,http://www.threecloudsonmain.com,43.796905,-123.048239,SkinscriptrxscraperItem
Oasis Skin Care,82 E. State St. Ste. G,,Eagle,ID,83616,(208) 258-4162,MBarnes.oasisskin@gmail.com,http://www.oasisskin.vpweb.com,43.6954469,-116.3529532,SkinscriptrxscraperItem
Blissful Beauty Aesthetics,1475 S Holmes Ave,,Idaho Falls,Idaho,83404,(208) 521-9819,blissfulbeautyaesthetics@aol.com,,43.4847378,-112.0235188,SkinscriptrxscraperItem
Lisa&#8217;s Lil Spa Room,6124 S Cain Ave,,Sioux Falls,SD,57106,(605) 201-5620,,http://www.lisaslilsparoom.com,43.4903207,-96.8095122,SkinscriptrxscraperItem
Glow | Skin Care by Abby,228 W Wisconsin St,,Portage,WI,53901,(608) 402-3105,abbysugden@gmail.com,http://www.soulshinespa.com,43.5390574,-89.4610548,SkinscriptrxscraperItem
Relaxations Day Spa,209 East Superior Street,,Alma,MI,48801,989-466-5270,,http://almarelaxationsspa.com/,43.3789508,-84.659838,SkinscriptrxscraperItem
Kaitlyn &#038; Co. Day Spa,1002 Union Ave,,Laconia,NH,3246,603-520-4184,KaitlynCo@mail.com,https://www.facebook.com/KaitlynCo.DaySpa,43.5529122,-71.458174,SkinscriptrxscraperItem
Plum Aesthetics,146 Ocean Street,,South Portland,ME,4106,(207) 409-9729,plumonthego@gmail.com,http://plumaesthetics.com/,43.637323,-70.2523833,SkinscriptrxscraperItem
Kosmetikos Spa &#038; Wellness Center,"1 Northeast Road, 2nd Floor",,Standish,ME,4084,(207) 650-0007,kosmetikos07@yahoo.com,http://www.kosmetikosspa.com/,43.7356856,-70.5504647,SkinscriptrxscraperItem
Thistle Skincare and Waxing Studio,75 Clearwater Drive,,Falmouth ,ME,4105,207-274-7060,danisoucy@gmail.com ,http://mintsalonblock.com/,43.7175354,-70.2375256,SkinscriptrxscraperItem
Lussuria Salon/Jami Sautner,"160 Oakway Road, Suite 100",Inside Lussuria,Eugene,OR,97401,(541) 999-9254,jamilinn@gmail.com,https://www.facebook.com/pages/Lussuria-Salon/327991643984114,44.0643996,-123.0793361,SkinscriptrxscraperItem
Endless Beauty SkinCare,2275 NE Doctors Dr.,Suite 11D,Bend,OR,97701,541-390-0066,kellytracyholly@gmail.com,http://www.endlessbeautyskincarebykelly.com/,44.0697933,-121.2682285,SkinscriptrxscraperItem
Erica&#8217;s Esthetic,2665 Commerce Drive #200,at Shear Envy,Rochester,MN,55901,507-258-4020,,,44.0513942,-92.5212278,SkinscriptrxscraperItem
ReGen Massage &#038; Skincare | Genevieve Meilahn,116 E. Jackson Street,,Ripon,WI,54971,920-896-0559,gen@regentherapies.com,http://www.regentherapies.com/,43.8462909,-88.8381589,SkinscriptrxscraperItem
skinSPArations,c/o Salon Eternity & Day Spa,1429 Province Terrace,Menasha,WI,54952,920-730-1982 or 920-216-5338,info @skinSPArations.com,http://www.skinsparations.com/,44.2022084,-88.4464973,SkinscriptrxscraperItem
You Be U Hair &#038; Esthetics Salon,500 D. Canatara Ct.,,Kingston,Ontario,K7M 0E4,,youbeu@bellnet.ca,,44.2369309,-76.5792799,SkinscriptrxscraperItem
PURE spa &#038; studio,515 Roosevelt,,Naples,ME,4055,207-693-3034,info@purespastudio.com,http://purespastudio.com/,43.9685275,-70.586799,SkinscriptrxscraperItem
Pura Vida Day Spa,138 Maine Street,,Brunswick,ME,4011,(207) 725-1233,puravida-dayspa@hotmail.com,http://www.puravida-dayspa.com,43.9150091,-69.9651091,SkinscriptrxscraperItem
At Last&#8230;. Salon &#038; Day Spa,185 Park Row,,Brunswick,ME,4011,207-373-0751,,http://www.atlastsalondayspa.com,43.9113952,-69.9624443,SkinscriptrxscraperItem
Mahala&#8217;s Day Spa,956 Western Ave,,Manchester,ME,4351,207-512-8255,info@mahaladayspa.com,http://www.mahalasdayspa.com/,44.323925,-69.876575,SkinscriptrxscraperItem
Faithful Skin,320 S. Pearl Street,"Inside Wholistic Health, the Wellness Spa",New London,WI,54961,920-982-6064,,https://squareup.com/store/faithful-skin,44.390179,-88.73942,SkinscriptrxscraperItem
The Skin Room,567 Banger Rd.,,Ellsworth,ME,4506,(207) 702-5031,LPanaro.aesthetician@aol.com,http://www.theskinroomwithlauren.com,44.5886499,-68.5010883,SkinscriptrxscraperItem
Aiko&#8217;s Aesthetics @ Sheene &#038; Co. Salon and Spa,205 SE 3rd Avenue,Suite 400,Hillsboro,OR,97123,503-703-2011,,http://www.aikoskincare.com/,45.520998,-122.986515,SkinscriptrxscraperItem
Into Eden Skincare,2133 N. Skidmore Ct,,Portland,OR,97217,503-752-3508,,http://www.intoedenskincare.com/,45.55527,-122.689947,SkinscriptrxscraperItem
ASH Organic Care and Waxing,604 East 16th Street,,Vancouver,WA,98663,541-639-9088,,http://www.ashorganicskinandwaxing.com/default.html,45.63356,-122.665614,SkinscriptrxscraperItem
True Evolution Spa &#038; Salon,801 W Interstate Ave,Ste B,Bismarck,ND,58503,701-751-1491,trueevobismarck@gmail.com,http://www.TrueEvolutionBismarck.com ,46.8320502,-100.8039795,SkinscriptrxscraperItem
Captivating Beauty,14715 Edgewood Dr. N Suite 5A,,Baxter,MN,56425,218-831-5372,tracy@captivating-beauty.com,http://captivating-beauty.com/,46.3652727,-94.2453658,SkinscriptrxscraperItem
M. Spa &#038; Esthetics,1110 College St. SE,Suite I,Lacey,WA,98503,(360) 528-7136,mspaesthetics@gmail.com,http://melissai.wix.com/mspa,47.0378252,-122.8226014,SkinscriptrxscraperItem
Two Palms Massage &#038; Skincare,6302 93rd St SW,,Lakewood,WA,98499,(253) 678-9692,ilenele@hotmail.com,http://ilene.skincaretherapy.net/,47.173054,-122.522131,SkinscriptrxscraperItem
Abana Lash &#038; Brow Lounge,7406 27th St. West,Suite 211,University Place,WA,98466,253-301-2160,abanalashes@hotmail.com,http://www.abanalashbrowlounge211.vpweb.com/,47.2348538,-122.5354778,SkinscriptrxscraperItem
Good For You Massage &#038; Day Spa,202 South 348th St,4,Federal Way,WA,98003,253-874-2498,goodforyoumassage@goodforyoumassageanddayspa.com,http://www.goodforyoumassageandspa.com/,47.290152,-122.331814,SkinscriptrxscraperItem
Freckle Professional Skincare owner- Misty Fuentes LE,19337 Jensen Way NE ,,Poulsbo,WA,98370,360-779-1999,info@freckleskin.com,http://www.freckleskin.com/,47.738319,-122.646949,SkinscriptrxscraperItem
Honeysuckle Boutique Day Spa, 2307 Viewmont Way West,,Seattle,WA,98199,(206) 551-0988,info@honeysucklespa.com,http://www.honeysucklespa.com ,47.6393568,-122.4014495,SkinscriptrxscraperItem
Vital Skin Studio,"7834 SE 32nd ST, Suite 106",,Mercer Island,WA,98040,(206) 777-3680,info@vitalskinstudio.com,http://www.vitalskinstudio.com,47.582089,-122.232103,SkinscriptrxscraperItem
True Form Day Spa | inside &#8220;The Workshop&#8221;,172 Sunset Ave S,,Edmonds,WA,98020,206-546-7671,info@theworkshopedmonds.com,http://theworkshopedmonds.com/,47.8104658,-122.3831977,SkinscriptrxscraperItem
Janet Marie Skin Care At Lynnwood Natural Medicine,Cedar Creek Plaza ,3005 Alderwood Mall Parkway Suite 100,Lynnwood,WA,98036,425-478-2437,,https://www.vagaro.com/JanetMarieSkincare,47.8097032,-122.3569304,SkinscriptrxscraperItem
SUYIN&#8217;s SPA,,,Sequim,WA,98382,(360) 797-3280,suyinspa@aol.com,,48.0795365,-123.1018437,SkinscriptrxscraperItem
Alicia Curfman,120 2nd Street Suite A,,Langley,WA,98260,360-331-2036,skin.body.therapies@hotmail.com,,48.0399454,-122.4074042,SkinscriptrxscraperItem
Becky Porter | Sorenia Skin Wellness,731 2nd Street ,,Mukilteo,WA,98275,425-244-2400,soreniaskinwellness@gmail.com,http://www.healthyskin-dayspa.com/,47.947293,-122.3020435,SkinscriptrxscraperItem
SkinCare by Teressa,1521 5th st.,,Marysville,WA,98270,(360) 657-0441 ,Skincarebyteressa@msn.com,http://www.skincarebyteressa.com/,48.053011,-122.17574,SkinscriptrxscraperItem
La Vita è Bella, 37 5th St E #103,,Kalispell,MT,59901,4062124585,makinubeautiful@hotmail.com,http://lavitaebellamt.com,48.1940016,-114.3114711,SkinscriptrxscraperItem
Lethal Lash Beauty,1000 McKenzie Ave. Suite 16,,Bellingham,WA,98225,(360) 972-0431,Lethallashbeauty@gmail.com,http://www.lethallashbeauty.com/,48.7191209,-122.5040047,SkinscriptrxscraperItem
Spotless Skin Studio,909 Harris Avenue 202B,,Bellingham,WA,98225,360-389-2540,,http://www.spotlessskinstudio.com/,48.7203713,-122.5051036,SkinscriptrxscraperItem
